Plan	Expected NPV	Expected Cost	Investment Risk	Pareto?
{1=1,2,I,J, 2=A,D,E,F,H,K,M,N, 3=B,C,L,O, 6=G}	2111.51	1661.63	0.09200639718216924	No
{1=1, 2=2,H,J, 4=C,D,E,I, 5=A,B,F,L,M,N, 6=O, 7=G,K}	1095.58	1421.79	0.15493492412862642	No
{1=2, 2=1, 3=A,B,C,D,E,F,H,I,K,M,N, 4=G,J,L,O}	1701.45	1772.6	0.10796193041645737	No
{1=1,2,I,N, 2=B,D,F,M, 3=C,E,J,L,O, 4=A,K, 6=G,H}	1847.2	1395.26	0.10201570271326574	No
{1=1,2,I,M, 2=E,F,H,J,L, 3=D,G,K,N, 4=B,C, 5=A, 6=O}	1992.26	1406.89	0.09714693267600986	No
{1=1,2,I,M, 2=D,F,J,L, 3=B,C,E,N,O, 5=H,K, 6=G, 7=A}	1857.95	1332.79	0.10278875792455251	No
{1=2, 2=1,J, 3=A,B,D,E,F,H, 4=C,I,L,M,N,O, 6=G,K}	1491.15	1542.82	0.12000474967998224	No
{1=1,2,A, 2=C,D,E,H,I,K,L, 3=F, 4=G,M,N, 5=B, 6=O, 8=J}	1709.44	1282.63	0.1081281003536987	No
{1=1, 2=2,C,L, 3=D,F,K, 4=A,H,I,J,N,O, 5=B,E,G, 6=M}	1505.85	1323.93	0.12062217506933852	No
{1=1,2,A,M, 3=C,D,E,F,N, 4=B,I,J,K, 5=G,L, 7=H, 8=O}	1430.01	1472.83	0.1243674261673725	No
{1=1,2,A,I, 2=B,F,J, 3=D,K, 4=E,H, 5=C,G,L,M,N,O}	1604.68	1403.65	0.11286903086492303	No
{1=1,2,A,I,J,N, 2=B,D,H,K, 3=F,O, 4=C,G, 5=E, 8=M, 10=L}	1507.57	1239.67	0.11535382341794398	No
{2=1,2,A, 3=B,D,F,H,I,J,K,N, 4=C,G,O, 5=M, 6=E,L}	1465.17	1449.19	0.12066081865082404	No
{1=1,2,A, 2=C,D,E,F,H,I,K,L,N, 3=J, 4=B,G,O, 8=M}	1882.99	1472.63	0.10029418751410968	No
{1=1,2,A,N, 2=C,D,E,M, 3=B,H,K, 4=F,I,J,O, 5=G, 7=L}	1635.73	1497.21	0.10986882972534893	No
{1=1,2,J,M, 2=A,B,C,D,E,F,H,I, 3=L,N,O, 5=G, 6=K}	2008.95	1516.27	0.09527544562930401	No
{1=2, 2=1,A,F,M, 3=B,D,E,H,I,J,K,L,N, 4=O, 5=G, 6=C}	1782.62	1731.15	0.10512506083596766	No
{1=1,2,I, 2=B,C,N, 3=A,E,F,J,K,M, 5=D, 6=G,H,L, 8=O}	1461.98	1443.12	0.12116367337772428	No
{1=1,2,A,N, 2=B,D, 3=F,H,I,K,O, 4=C,E,G,J, 8=M, 10=L}	1300.89	1497.16	0.12907288569988626	No
{1=1,2,J,M,N, 2=A,B,C,D,E,F,I,K,L, 3=G,O, 5=H}	2268.81	1710.71	0.087519934217103	No
{1=1,2,I,J, 2=A,E,F,L,M, 3=G,K,N, 4=C, 5=B,D,H, 7=O}	1860.36	1247.39	0.10244274218532576	No
{1=1,2, 2=F,H,I, 3=A,C,E,G,J,K,M,N, 5=B,L, 6=D, 8=O}	1532.67	1582.89	0.11739131008207676	No
{1=1,2,J,M,N, 2=A,D,E,H,I,K,L, 3=F, 4=G,O, 5=B, 9=C}	2032.43	1474.16	0.09622882601730567	No
{1=1,2,M, 2=D,I,L, 3=B,H,K,N, 4=A,C,E,F,J, 5=G, 6=O}	1776.09	1420.71	0.1063587602882605	No
{1=1,2, 2=D,F,H,M, 3=C,I,N, 4=A,K, 5=B,J,L, 6=G, 9=E,O}	1241.31	1187.46	0.14027538709063148	No
{1=1,2,I,N, 2=D,H,K, 3=B,F,O, 4=A,C,G, 5=E, 6=J, 8=M, 10=L}	1248.26	1144.42	0.13372500138028642	No
{1=1,2, 2=A,B,E,J,N, 3=H,I,L, 4=C,D,F,M, 7=G,K, 8=O}	1447.35	1311.13	0.12368762565778155	No
{1=N, 2=1,2,A, 3=B,D,E,F,H,J,K,L,M, 4=C,O, 6=G, 8=I}	1638.96	1645.98	0.1122806111307571	No
{1=1,2, 2=A,F,J,K, 3=D, 4=B,C,E,H,I,L,M,O, 7=N, 9=G}	1498.29	1639.21	0.12097853459374817	No
{1=1,2,J,M, 2=A,B,F,N, 3=D, 4=C,E,L,O, 5=I,K, 7=G, 9=H}	1575.95	1148.05	0.11553341029263155	No
{1=1,2,A,I, 2=C,D,M, 3=B,E,F,H,J,K,L,N,O, 4=G}	1991.36	1832.54	0.09602798169033962	No
{1=1,2,A,M, 2=B,F, 3=C,D,E,G,H,I,J,K,L, 5=N,O}	1922.14	1763.6	0.09884225970702405	No
{1=1,2,A, 2=D,H, 3=B,L, 4=E,F,I,J,K,M,N, 5=G,O, 6=C}	1545.47	1549.67	0.11748068367848015	No
{0=1,B,C,D,H,K,L,O, 1=2, 3=A,F,I,M,N, 4=E,G,J}	715.25	967.18	0.16657771148063172	No
{1=1,2, 2=A,B,C,D,E,F,H,I,L,M,N, 3=G, 4=K,O, 7=J}	1937.76	1558.66	0.09738448476674043	No
{1=1,2,A,I,J, 2=D,M, 3=C,E,F,H,L,N, 4=B,K,O, 8=G}	1834.82	1437.76	0.10294633599322524	No
{1=1,2, 2=A,C,F,H,L,N, 3=D,I,J, 4=M, 5=B,E,G, 7=K, 8=O}	1481.33	1165.93	0.12211591240715695	No
{1=1, 2=2,C,H,I,J,M, 3=K,L,N, 4=E, 5=A,B,D,F, 6=O, 7=G}	1585.9	1276.31	0.11554966798672045	No
{1=I, 2=1,2,J, 3=A,C,E,F,M,N, 4=B,H,K,L, 5=D, 7=G,O}	1516.57	1415.61	0.1186600363480687	No
{1=1,2,M, 2=A,B,D,F,J,K,L, 3=E,G,H,I,N,O, 7=C}	2086.97	1688.33	0.09381574091251664	No
{1=1,2,A,I, 2=B,F,J, 3=D,K,L, 4=E,H,M, 5=C,G,N,O}	1753.18	1294.83	0.1063264219966566	No
{1=1,2,A,M, 2=F, 3=N, 4=B,C,D,E,H,J,K, 5=G,I,L, 8=O}	1408.93	1508.21	0.12600767113258954	No
{1=1,2,J, 2=E, 3=A,B,C,D,F,H,K, 4=G,L,M,O, 6=I, 7=N}	1672.33	1526.03	0.11017389382546407	No
{1=1,2,N, 2=B,C,D,E,F,I,J, 3=A,G,K,L,M,O, 5=H}	2036.47	1739.1	0.09444694559203798	No
{1=1, 2=2,L, 3=C,D,F,H,I,J,K, 4=A,E,N,O, 5=B, 6=G,M}	1571.75	1377.06	0.11662480821104633	No
{1=1,2,N, 2=B,C,D,E,I,J, 3=A,K,L,M,O, 4=F,H, 5=G}	1954.36	1525.9	0.09740905126285947	No
{1=1,2,M, 2=A,B,D,J,L, 3=C,E,F,I,K, 4=H, 6=O, 7=G,N}	1819.18	1456.37	0.1045778934169123	No
{1=1,2, 2=D,I,J,K,L,M, 3=C,E,F,O, 4=A,N, 6=B,G,H}	1824.56	1384.63	0.10437840692211861	No
{1=1,2, 2=A,D,E,F,K,M,N, 3=H,I, 4=B,C,G,L, 6=O, 7=J}	1681.8	1369.43	0.10870535987620886	No
{1=1,2, 2=D,H,M, 3=B, 4=A,E,F,I,J, 5=G,K,O, 6=C,L,N}	1338.87	1370.53	0.13081179229113296	No
{1=1,2,A,I,N, 2=B,D,K, 3=F,O, 4=C,G, 5=E,H, 6=J, 8=M, 10=L}	1257.29	1045.65	0.13259074560600312	No
{1=2,I, 2=1, 3=A,B,D,E,F,H,J, 4=C,G,L,M,N,O, 6=K}	1590.66	1587.22	0.11362098699405317	No
{1=1,J, 2=2,A,C, 3=B,D,E,F,H,K,L, 4=O, 5=M,N, 6=G,I}	1669.59	1442.32	0.11055286624960559	No
{1=1,2,M, 2=C,D,H,J,K, 3=B,E,F,L,N, 4=A,I, 5=G, 6=O}	1898.65	1488.38	0.10024921366120855	No
{1=1,2, 2=A,B,D,K,N, 3=C,E,F,H,M,O, 4=L, 5=G,I,J}	1742.95	1550.97	0.10572003643510144	No
{1=1,2,M, 2=D,E,F,J,K, 3=B,C,L,N,O, 4=A,H,I, 9=G}	1863.21	1454.88	0.10212503532073819	No
{1=1,2,A,J, 2=D, 3=C,E,F,H,K, 4=L,M,O, 5=B,G, 6=I, 7=N}	1613.83	1321.42	0.11358813622559094	No
{1=1,2,A,M,N, 2=B, 3=C,D,K,L, 4=E,F,J, 5=I,O, 6=G,H}	1669.26	1224.5	0.1106336066192898	No
{1=1,I,J,N, 2=2,B, 3=D,E,F,H,K,L, 4=A,G,M, 6=C, 7=O}	1795.77	1400.06	0.10498803999214291	No
{1=1,2,N, 2=B,D,F,H,I,J,L,M, 3=C,E,O, 4=A,G,K}	2056.29	1458.31	0.09412568613972885	No
{1=1,2, 2=F,H,L,N, 3=C,D,I,J, 4=B,M, 5=E,G, 6=A, 7=K, 8=O}	1433.87	1112.12	0.1260443330867877	No
{1=1,2,N, 2=B,C,D,E,F,H,I,J, 3=A,G,K,M,O, 4=L}	2043.2	1787.35	0.09353087423686682	No
{1=1,2, 2=E,F, 3=A,C,G,J,K,M,N, 4=H, 5=B,I,L, 6=D, 8=O}	1441.5	1378.86	0.1236300501129085	No
{1=1,2, 2=B,C,F,N, 3=A,D,E,G,H,I,K,L, 4=M, 5=J, 8=O}	1690.12	1575.98	0.10890713759830453	No
{1=1,2,J, 2=A,B,C,D,F,I,L,M, 3=G,K,N, 5=E,H, 7=O}	1955.06	1399.08	0.09871550493658313	No
{1=1,2,I, 2=A,F, 3=B,D,E,L, 5=G,H,J,M,N,O, 6=C, 8=K}	1336.79	1455.03	0.1315324107887235	No
{1=1,2, 2=D,N, 3=B,C,E,H,M,O, 5=I,J,K,L, 6=F, 7=A,G}	1335.65	1501.35	0.13157718343493394	No
{1=1,2, 2=A,C,D,E,F,H,I,J,L,M,N, 3=G,K,O, 4=B}	2135.74	1665.97	0.09143737544240908	No
{1=1,2,I,M, 2=B,D,H, 3=A,F,O, 4=C,G, 5=E, 6=K, 7=J,N, 8=L}	1348.44	1041.94	0.12802043932465793	No
{1=1,2,M, 2=B,D,E,F, 3=A,G,O, 6=C,H,I,K, 7=J,N, 8=L}	1236.29	1351.28	0.1379392255431606	No
{1=1,2, 2=A,C,D,F,H,J,K,N, 5=E,G,I,L,O, 6=B, 8=M}	1455.8	1593.98	0.12229565149636201	No
{1=1,2,I, 2=B,C,F,J, 3=A,D,H, 4=M, 5=E,K,L,N, 7=G, 8=O}	1439.18	1305.67	0.12369883137295368	No
{1=1,2, 2=C,D,E,F, 3=A,B,L,N,O, 4=H,I,M, 6=J, 7=G,K}	1471.4	1256.19	0.12136457744396446	No
{1=I, 2=1,2, 3=B,E,F,J,L,M,N, 5=A,D, 6=G,H,K, 7=C,O}	1359.75	1289.62	0.13125854174786317	No
{1=1,2,A,M, 2=D,F, 3=B,C,N, 4=E,I,J,K, 5=G,L, 7=H, 8=O}	1480.54	1364.36	0.12120373189145188	No
{1=1,2, 2=C,D,I,L, 3=A,H,K, 4=B,E,F,J,M,N,O, 5=G}	1728.4	1625.16	0.10802744020975652	No
{1=1,2, 2=A, 3=B,D,E,F,H,J,K,M,N, 4=C, 5=I,L, 6=G, 8=O}	1457.93	1622.91	0.12283192418399065	No
{1=1,2, 2=D,I,L, 3=A,C,H,K, 4=E,F,J,M,N,O, 5=B,G}	1680.32	1525.42	0.11068764737812843	No
{1=1,2,J,M,N, 2=A,D,E,F,H,I,L, 4=O, 5=B,K, 8=G, 9=C}	1809.24	1425.71	0.10553065913751533	No
{1=1,2,A, 2=C,D,E,F,I,J,M, 3=B,G,H,K,L,N, 5=O}	2028.35	1757.15	0.09468263867841861	No
{1=1,2,A,M, 2=B,C,D,F, 3=N, 4=E,I,J,K, 5=G,L, 7=H, 8=O}	1530.11	1412.8	0.11782415775508982	No
{1=1, 2=2,L, 3=D,F,I,K, 4=B,C,E,G,J,M, 5=A,H, 6=N, 7=O}	1505.88	1458.03	0.12173061480229555	No
{1=2,I, 2=1, 3=A,B,D,E,F,J,K,L,M,N, 4=G,H,O, 5=C}	1789.44	1632.29	0.10475584553847948	No
{1=1,2,A,M,N, 2=B,F,H,K, 3=C,D,E,G,L, 4=J, 5=I,O}	1958.39	1456.81	0.09714310922826236	No
{1=1,2,I,N, 2=B,C, 3=D,E,F,H,J,K,L, 4=G,M, 5=A, 7=O}	1780.6	1537.71	0.1050353331372341	No
{1=1,2,A, 2=D,H,K, 3=B,L, 4=E,F,I, 5=G,J,M,O, 6=C,N}	1533.62	1284.73	0.11819535448909092	No
{1=1,2,N, 2=A,F,J,K, 3=D, 4=B,C,E,L,M,O, 5=I, 6=H, 9=G}	1519.12	1432.9	0.11944828440089787	No
{1=1, 2=2,B, 3=D,E,F,H,K, 4=A,L,M, 5=C,G,N, 6=I,J,O}	1377.59	1260.44	0.1282391554146426	No
{1=1,2,A,I, 2=B,D,N, 3=E,F,H,J,K,L,O, 4=C,G,M}	1921.02	1601.77	0.0987040574348432	No
{1=1,2,M, 2=A,B,F,I,N, 3=D, 4=C,E,H,J,K,L,O, 9=G}	1629.66	1629.63	0.11216731954798177	No
{1=1,2,A,I, 2=D,E,F,N, 3=B,C,H,J,K,L,O, 4=G,M}	1964.4	1662.0	0.09695826367838667	No
{1=1,2,N, 2=A,B,C,D,E,F,I, 3=J,K, 4=O, 5=G,L,M, 6=H}	1719.46	1367.12	0.106481713093242	No
{1=1,2, 2=C, 3=A,D,E,F,H,I,J,K,M,N, 4=B, 6=G,L,O}	1505.92	1701.94	0.11856331556721217	No
{1=1,2,N, 2=B,D,H,I,J,M, 3=C,E,F,L,O, 4=A,G,K}	1976.01	1530.05	0.09655619840969258	No
{1=1,2,J,M,N, 2=A,E,F,H,I,K,L, 3=C,D, 4=O, 5=B, 8=G}	2026.59	1463.11	0.09581540707838501	No
{1=1,2,J,M, 2=A,B,C,D,E,F,H,I,K,L, 3=N, 5=G, 7=O}	2132.77	1784.4	0.09194434111129375	No
{1=1,2,J, 2=A,E,F,I, 3=G,K,N, 4=L,M, 5=B,C,D,H, 7=O}	1624.36	1265.37	0.11290500689508241	No
{2=1,2,A, 3=B,D,E,F,H,L,M,N, 4=C,O, 5=I,J,K, 7=G}	1493.04	1454.05	0.12028213267342039	No
{1=1,2,N, 2=A,B,C,D, 3=K,O, 4=E,F,H,J,M, 5=G,I, 7=L}	1496.96	1499.49	0.11807255098499538	No
{1=1,2,A,I,N, 2=B,D,H,K,L, 3=F,O, 4=C,G, 5=E, 6=J, 8=M}	1750.96	1160.04	0.10581808299423581	No
{1=1,2,J, 2=A,E,F,H,I,M, 3=L,N, 4=C, 5=B,D,G, 6=K, 7=O}	1648.66	1235.5	0.11148656564558568	No
{1=1,2,I,J, 2=C,D,E,F,H,K, 3=A,B,G,M,N,O, 4=L}	2095.21	1735.53	0.09201756900445157	No
{1=1,2,A,M,N, 2=B,F,H,K, 3=C,D,I,L, 5=J,O, 6=G, 9=E}	1717.76	1328.35	0.10762484808453854	No
{1=1,2,N, 2=A,B,C,D,F,H,I,J,L,M, 3=E, 4=G,K,O}	2076.05	1594.28	0.09322253735698459	No
{0=1,B,C,D,H,K,L,O, 1=2,I, 2=F, 3=A,M,N, 4=E,J, 5=G}	763.24	801.42	0.1578873989824573	No
{1=1,2, 2=F,H,L,N, 3=A,B,C,D,I,J, 4=M, 5=E,G, 7=K, 8=O}	1503.71	1259.58	0.12066863139809417	No
{1=1,2,A,J,M,N, 2=B,E,F,H,I,K,L, 3=C,D, 4=O, 8=G}	2127.38	1571.97	0.09196825430880945	No
{1=1,2, 2=B,C,D,E,F,H,I,J, 3=A,G,K, 4=L,M,N, 6=O}	1877.24	1492.44	0.10008417862587182	No
{1=1,2, 2=A,C,F,H,L,M,N, 3=D,I,J, 5=B,E,G, 7=K, 8=O}	1556.15	1288.49	0.11749144322175369	No
{1=1,2,A,M, 2=D,E,F,H,I,J,L,N, 3=O, 4=B, 5=K, 8=G, 9=C}	1826.01	1447.41	0.10440688851444722	No
{1=1,2,I, 2=E,F,H,J,L, 3=D,G,K, 4=B,C,M,N, 5=A, 6=O}	1864.39	1371.52	0.10208033280476697	No
{1=1,2, 2=E,F,I,J,K,L,M, 3=D,N, 4=B,C,G,H, 5=A, 6=O}	1899.54	1392.83	0.10085824600236588	No
{1=1,2,I,J, 2=A,C,D,E,F,M, 3=G,H,L,N, 4=B,K,O}	2035.03	1444.74	0.09454347375894329	No
{1=1,2,A,I, 2=B,F, 3=D,J,L, 4=E,H,K,M, 5=C,G,N,O}	1670.46	1377.24	0.110156461218559	No
{1=1,2,I,J,M, 2=A,B,C,E,F,H,K,L,N, 3=D, 4=G,O}	2256.96	1668.18	0.0876290965997191	No
{1=1,2,A,J,M,N, 2=B,D,E,F,H,I,K,L, 3=O, 4=C, 5=G}	2248.09	1732.3	0.08809387987221134	No
{1=1,2,I,N, 2=B,D,M, 3=C,E,F,J,L,O, 4=A,G,K, 6=H}	1881.86	1444.94	0.10043130843410547	No
{1=1,2, 2=B,D,H,L,N, 3=I,J, 4=M, 5=F, 6=A,C,G, 7=K, 8=O, 9=E}	1257.86	923.33	0.14131380726782575	No
{1=1,2,J, 2=A,D,E,F,H,I,M,N, 3=B,C,L,O, 5=G, 6=K}	1935.96	1519.1	0.09796662587510584	No
{1=1,2, 2=A,E,F,H,M, 3=I,N, 4=K, 5=B,C,D,J,L, 6=G, 9=O}	1345.19	1352.49	0.13033931544179142	No
{1=1,2,A,I, 2=B,C,E,F,H,J, 3=D,G,K,L, 4=M, 5=N,O}	1973.8	1514.45	0.09633698461873623	No
{1=1,2,I,J, 2=A,E,F,L,M, 3=K,N, 4=C, 5=B,D,H, 6=G, 7=O}	1773.59	1192.07	0.10651112421780153	No
{1=1,2,A, 2=F,H,L,N, 3=C,D,I,J, 4=B,M, 5=E,G, 7=K, 8=O}	1503.76	1140.5	0.12058118272335681	No
{1=1,2, 2=A,B,C,D,E,F,H,I, 3=L, 4=K,N,O, 5=G,J, 6=M}	1715.57	1364.08	0.10677378919910621	No
{1=1,2, 2=A,D,E,F,K, 3=H,I, 4=B,C,G,L,M, 5=N, 6=O, 7=J}	1562.96	1396.77	0.11544466482654175	No
{1=1,2,A, 2=B,F,J,K,L, 3=D,I, 4=E,H, 5=C,G,M,N,O}	1765.38	1268.18	0.10616276588927788	No
{1=1,2,I,N, 2=B,C,F,H,J, 3=D,E,G,K,L, 4=M, 5=A, 7=O}	1892.35	1545.48	0.1000638865920136	No
{1=1,2,N, 2=A,B,C,D,E,F,H,I,K, 3=G,J,L,O, 4=M}	2083.66	1663.86	0.09237182921800857	No
{1=1,2, 2=B,C,D,E,F,H,I,J,K,L,M, 3=A,G,O, 4=N}	2195.41	1792.74	0.08947977148361129	No
{1=1,2,N, 2=B,F,K, 3=D,E,H, 4=L,M, 5=A,G,I, 6=C,J, 7=O}	1468.22	1145.62	0.1220536539487561	No
{1=1,2, 2=D,F,H,M, 3=B,C,I,N, 4=A,K, 5=J,L, 6=G, 9=E,O}	1298.07	1194.34	0.13490253267022315	No
{1=1,2,J,N, 2=B,C,F,H, 3=D,I,K,L, 4=M, 5=A,E,G, 7=O}	1759.53	1321.53	0.10636110871269146	No
{1=1,2,J,M, 2=A,B,D,N, 3=F, 4=C,L,O, 5=E,I,K, 7=G, 9=H}	1553.23	1153.03	0.11725957588072192	No
{1=1,2,A,I,J, 2=D,K,M, 3=C,E,F,H,L,N, 4=B,O, 8=G}	1924.58	1505.73	0.09936703415813618	No
{1=1,2, 2=A,B,C,D,F,I,J,L,M, 3=G,K,N, 5=E,H, 7=O}	1916.1	1437.85	0.10011861829838319	No
{1=1,2,J,M,N, 2=E,F,H,I,L, 3=D, 4=B,C, 5=A,K, 6=O, 8=G}	1804.09	1181.8	0.10516614358917634	No
{1=1,2,I,J, 2=A,E,F,L,M,N, 3=G,K, 4=C, 5=B,D,H, 8=O}	1848.87	1241.67	0.10296200015706167	No
{1=1,2,M, 2=C,D,H,K, 3=L,O, 4=F,I, 5=B,G,J, 6=A,E,N}	1633.89	1086.48	0.11321213452739298	No
{1=1,2,A,M, 2=B,C,E,F,H,K,L,N, 3=D, 4=G,J, 5=I,O}	2021.98	1435.47	0.09517789050626572	No
{1=1,2,J, 2=E,F,H,I,K,M, 3=D,G,L,N, 4=B,C, 5=A, 6=O}	1952.87	1447.23	0.09822324758624436	No
{1=1,2,N, 2=B,C,D,F,H,I,J, 3=A,G,K,L,M,O, 5=E}	2010.23	1721.28	0.0954650745684494	No
{1=1,2,I,N, 2=A,D,H,K, 3=C,F,O, 4=B,G, 5=E, 6=J, 8=M, 10=L}	1267.42	1150.37	0.13190874249734885	No
{1=1,2, 2=C,D,F,H,I,J,L,M, 3=B,K,O, 4=A,G,N, 6=E}	1959.16	1455.51	0.09820514663890405	No
{1=1,2,I,M, 2=B,D,E,F,H,K,N, 3=L, 4=A,C,G,O, 6=J}	1972.79	1506.18	0.09645506782550212	No
{1=1,2,I, 2=B,D,H,M,N, 3=A,F, 4=C,G, 5=E, 6=K,O, 7=J, 8=L}	1298.58	1069.17	0.13152235353217218	No
{1=1,2,A,I, 2=B,D,F,J, 3=G,K,L, 4=H, 5=C,E,M,N,O}	1774.85	1414.84	0.10551269831222845	No
{1=1,2,N, 2=A,D,F,H,I,J,L,M, 3=C,E,O, 4=B,G,K}	2026.2	1457.6	0.09525993111887579	No
{1=1,2,N, 2=A,B,D,H,J,M, 3=C,E,F,L,O, 4=G,K, 10=I}	1803.21	1483.46	0.10403309960566207	No
{1=1,2,A,I,J,N, 2=B,C,D,H,K, 3=F,O, 4=G, 5=E, 8=M, 10=L}	1547.48	1323.72	0.11270456568137355	No
{1=1,2,I,M, 2=B,F,H,J,L, 3=C,D,G,K,N, 4=E, 5=A, 6=O}	2010.12	1467.85	0.09633222786609007	No
{1=1,2,I,M, 2=E,F,J,L, 3=D,K,N, 4=B,C, 5=A, 6=G,H,O}	1822.2	1214.72	0.10454511188403781	No
{1=1,2,M, 2=D,E,F,H,J,K, 3=B,C,I,L,N,O, 4=A, 5=G}	2041.57	1671.2	0.0944872527892952	No
{1=1,2,J,M, 2=A,C,D,F, 3=O, 5=B, 6=E,G,I,N, 7=K, 8=H, 10=L}	1092.04	1162.79	0.15249072950753662	No
{1=1,2,A,N, 2=D,E,I,J,K,L, 3=C,F,H,M, 4=B,G, 5=O}	2023.28	1491.66	0.09551856868439139	No
{1=1,2, 2=A,B,D,F,I,J,K,L,M, 3=E,O, 4=G,H,N, 7=C}	2010.01	1485.53	0.09648839660663358	No
{1=1,2,A,I,J, 2=D, 3=C,E,F,H,K,L,N, 4=B,M,O, 8=G}	1804.42	1477.72	0.10441738440055338	No
{1=1,2, 2=B, 3=A,D,F,I,M,N, 4=C,E,G,J,L,O, 5=K, 9=H}	1470.79	1526.04	0.12128310927173605	No
{1=1,2,I,J,M, 2=E,F,H,K, 3=D,N, 4=B,C,G,L, 5=A, 6=O}	1932.54	1334.78	0.09867363155318917	No
{1=1,2,J, 2=B,D,H,I,K,M,N, 3=A,F,L,O, 4=C,G, 5=E}	2024.7	1475.17	0.09536765348161454	No
{1=1,2, 2=C,D,H,K,L, 3=A,F,I, 4=E,G,J,M,N, 5=B, 6=O}	1735.56	1432.44	0.10802480355218047	No
{1=1,2,A,M,N, 2=B,D,F,H,K, 3=C,E,G,L, 4=J, 5=I,O}	1987.29	1427.47	0.09621438607685079	No
{1=1,2, 2=D,F,L,N, 3=A,B,C,H,I,J, 4=M, 5=E,G, 7=K, 8=O}	1511.26	1251.57	0.12057099538154384	No
{1=1,2,M, 2=B,C,D,E,F,H,I,J,L, 3=A,G,K,N, 6=O}	2119.43	1641.38	0.09228197149877478	No
{1=1,2,I,J,M, 2=A,D,E,F,H,K,N, 3=B,C,L, 4=O, 6=G}	2121.35	1560.09	0.09181849825486978	No
{1=1,2,A,J,M,N, 2=B,F,H,I,L, 3=D, 4=E,O, 5=C,K, 8=G}	1894.32	1208.85	0.10080792329465095	No
{1=1,2,A,M,N, 2=B,C,D,E,F,H,I,J,L, 3=G,K, 5=O}	2205.67	1655.86	0.08914401985607671	No
{1=1,2,A,I, 2=C,D,E,F,H,J,K,L, 3=G, 4=M,N, 5=B, 6=O}	2006.97	1530.99	0.09612171926381734	No
{1=1,2,I,J,M, 2=B,C,E,F,H,L, 3=D,G,K,N, 5=A, 6=O}	2129.39	1533.44	0.09205369116397588	No
{1=1,2,N, 2=B,C,D,E,F,I, 3=J,K, 4=O, 5=A,G,L,M, 6=H}	1677.64	1364.85	0.10890274295298112	No
{1=1,2, 3=A,F,I,K,N, 4=E,G,J,L,M, 5=B,C,D,H, 7=O}	1356.02	1498.25	0.13058178163790057	No
{1=1,2,I,N, 2=A,B,D,H,K,L, 3=C,F,O, 4=E,G, 6=J, 8=M}	1785.4	1241.23	0.10405001804326199	No
{1=1,2,N, 2=A,B,C,D,E,F,H,I,J, 3=G,K,L,O, 4=M}	2076.63	1670.24	0.09267991728898646	No
{1=1,2,I,N, 2=B,D,K, 3=C,E,F,O, 4=A,G, 5=H, 6=J, 8=M, 10=L}	1293.12	1231.12	0.1295372069367672	No
{1=1,2,J,M,N, 2=A,F,H,I,K,L, 3=C,D, 4=E,O, 5=B,G}	2049.48	1310.71	0.09478651159074135	No
{1=1,2,M, 2=A,B,D,F,H,L, 3=C,E,I,J, 5=G, 6=O, 7=K,N}	1729.18	1369.22	0.10820695806724483	No
{1=1,2,M, 2=D,H,J, 3=B,E,F,N, 4=A,C,I, 5=G, 6=K,O, 8=L}	1411.13	1241.36	0.12439072579441102	No
{1=1,2,A,I,M,N, 2=B,D, 3=F,K,L,O, 4=C,G,J, 5=E,H}	1911.43	1246.64	0.09954700371376513	No
{1=1,2,J,M, 2=B,D,E,F,I,K,N, 3=A,H,L,O, 4=C,G}	2153.52	1566.39	0.09087700919103033	No
{1=1,2,I,J,M, 2=A,B,D,F,L, 3=E,G,K,N,O, 5=H, 7=C}	2093.22	1512.22	0.09385016375784558	No
{1=1,2,I,J, 2=A,D,E,F,H,K,M,N, 3=B,C,G,L,O}	2198.28	1746.64	0.08910316369555532	No
{1=1,2,A, 2=C,D,E,F,J,K, 3=B,L,M, 4=H,I, 9=G,N, 10=O}	1578.02	1375.8	0.11725148267661632	No
{1=1,2,J,M, 2=A,B,F,K,L,N, 3=D, 4=C,E,O, 5=I, 7=G, 9=H}	1823.91	1246.53	0.10427864223424568	No
{1=1,2,J,M, 2=A,B,F,N, 3=D,L, 4=C,E,K,O, 5=I, 7=G, 9=H}	1676.28	1265.12	0.11071827382599181	No
{1=1,2,M, 2=C,D,E,H,I,L, 3=F,K, 4=A, 5=J, 6=B,O, 7=N, 8=G}	1658.27	1210.08	0.11265856892744007	No
{1=1,2,I,M, 2=B,C,D,E,F,H,J,L, 3=A,G,K,N, 6=O}	2146.88	1613.77	0.09137431121218713	No
{1=1,2,N, 2=A,B,D,F,H,I,J,L,M, 3=C,E, 4=K,O, 6=G}	1998.87	1462.76	0.09615129103293431	No
{1=1,2,I,N, 2=B,D,E,F,H,K,L, 3=O, 4=A,C,G, 6=J, 8=M}	1820.03	1393.1	0.1026112343425542	No
{1=1,2,A, 2=D,E,F,H,I,J,L,M,N, 3=C,G,K,O, 4=B}	2130.2	1663.74	0.0916377450552557	No
{1=1,2, 2=B,C,D,E,F,I,L,N, 3=A, 4=G,M, 7=H,K, 8=J,O}	1444.77	1223.57	0.12364013468628215	No
{1=1,2,J,M,N, 2=B,D,H,I,L, 3=A,F, 4=C,G,O, 5=E,K}	1974.11	1185.46	0.09763255737753362	No
{1=1,2,I,M, 2=C,D,H,K,L, 3=F, 4=A,G, 5=E, 6=B,J,O, 7=N}	1717.63	1167.64	0.10939462131142864	No
{1=1,2, 2=A,B,D,K,M,N, 3=F,H,I, 4=C,G,L, 5=E, 6=O, 7=J}	1628.24	1268.99	0.1116062824760919	No
{1=1,2,A, 2=D,J,L, 3=C,E,F,H,K, 4=M,O, 5=B,G, 6=I, 7=N}	1689.19	1290.71	0.11066327210998485	No
{1=1,2,A,N, 2=B,D,I,K, 3=F,O, 4=C,G, 5=E,H, 6=J, 8=M, 10=L}	1229.84	1073.26	0.1350043108325894	No
{1=1,2,A,N, 2=C,D,E,F,I, 3=J,K, 4=B,O, 5=G,L,M, 6=H}	1675.79	1267.06	0.10881389975452713	No
{1=1,2,A,M, 2=B,C,D,E,F,H,I,J,L, 3=G,K,N,O}	2231.99	1714.75	0.08836874018042729	No
{1=1,2,J, 2=A,D,E,F, 3=B,C,H,K,O, 4=L,M, 5=G, 6=I, 7=N}	1737.57	1428.71	0.10696793329549953	No
{1=1,2,J, 2=C,D,E,H,I,L,M, 3=F,K,N, 4=A,G, 6=B, 7=O}	1913.62	1409.4	0.10059088801194109	No
{1=1,2,A,J, 2=B,F,H,I, 3=D,K,L, 4=E,M, 5=C,G,N,O}	1807.23	1260.47	0.10390880255929354	No
{1=1,2,N, 2=B,C,D,E,F,I,J, 3=A,K,L,M,O, 4=H, 8=G}	1915.45	1648.42	0.09931017719342014	No
{1=2,3,4,H, 2=1,F, 3=D, 5=A,E,G, 6=B, 7=C}	10272.36	1469.65	0.04053607627113601	No
{1=1,2, 2=A,3,H, 3=F, 4=C,G,4, 5=B,D, 9=E}	10171.01	1467.45	0.041610710846733734	No
{1=3, 2=1,F, 3=A,2,H, 4=B,G,4, 6=D, 7=C,E}	9648.34	1513.7	0.04229010596513988	No
{1=1,2,3,H, 2=A,4, 3=D,F, 4=E, 6=C,G, 7=B}	10483.09	1447.28	0.040169599979288734	No
{1=1,2,3, 2=A,F,H, 3=C,D,G, 4=4, 6=E, 7=B}	11038.74	1865.38	0.03928573463467615	No
{1=1,2,3, 2=A,4,H, 3=B,D,F, 4=E, 6=C,G}	10922.72	1985.05	0.0399266598132169	No
{1=1,3, 2=A,2,4,H, 3=B,D,F, 4=C, 5=E,G}	11337.37	1982.34	0.03931575731158805	No
{1=1,3, 2=A, 3=B,C,2,H, 4=D,F,4, 5=E, 9=G}	10788.86	1854.24	0.04130047766462035	No
{1=1,2,3,4, 2=A,F,H, 3=D, 4=G, 5=B, 6=E, 11=C}	9327.06	1594.48	0.04247311847039365	No
{1=1,2,3, 2=A,F,4,H, 3=B,C,D,G, 5=E}	11877.92	2354.19	0.03817360047657622	No
{1=1,2,3, 2=F,4, 3=A,D, 4=B,C,E,H, 8=G}	10680.97	2602.75	0.040944467764012234	No
{1=1,3, 2=A,2,F,4, 3=B,D,H, 4=C,E, 10=G}	10966.53	2173.75	0.04060136821280747	No
{1=1,2, 2=D,3,4, 3=A,E,H, 4=B,F, 5=C, 9=G}	10649.61	2059.44	0.041123612298399274	No
{1=1, 2=2, 3=D,3, 4=A,F,H, 5=B,G,4, 6=C,E}	9661.74	1768.84	0.04300457974381751	No
{1=1,2,3, 2=A,4, 3=B,C, 4=D,F, 5=E, 6=H, 8=G}	10189.99	1747.48	0.04297951984638182	No
{1=1,2,3,4, 2=A,F, 3=D,H, 4=B,E, 5=G, 7=C}	10477.4	1987.04	0.040318752169249336	No
{1=1,2,3,H, 2=A,D,F,4, 3=C, 4=E, 5=G, 8=B}	11394.32	1736.45	0.038521774716589824	No
{1=2,3,4, 2=1,D, 3=A,E,F, 4=B,G, 5=C, 6=H}	10518.01	1941.04	0.04105875267385055	No
{1=1,2,H, 2=A,D,3,4, 3=B,C,F, 5=E,G}	11944.83	1968.52	0.03826779259834452	No
{1=1,3, 2=A,F, 3=B,C,2,G,4,H, 4=D, 9=E}	10859.87	2180.63	0.04057088231509578	No
{1=1,2,3,4, 2=A, 3=D,H, 4=B,C,E,F, 7=G}	10820.85	2548.55	0.04060072963320256	No
{1=1,2,3, 2=F,H, 3=A,D,G, 4=B,C,4, 5=E}	11404.94	1782.09	0.03874346128835594	No
{1=2,3,H, 2=1,4, 3=A,D, 4=B,C,E,F, 5=G}	11405.57	2138.09	0.03898609246573586	No
{1=1,2,3, 4=A,D,F,H, 5=C,G,4, 6=B, 8=E}	9279.7	1894.4	0.044156312068073376	No
{2=1,2,H, 3=3,4, 4=A,D, 5=F, 6=B,E,G, 8=C}	9143.91	1614.61	0.04383261178737186	No
{1=1,3, 2=A,2,F,4,H, 3=B,D, 4=C,E, 5=G}	11623.44	1944.81	0.03860655711658561	No
{1=1,2,H, 2=A,D,3, 3=F, 4=B,4, 5=G, 7=C, 8=E}	10274.96	1373.49	0.0408857738190337	No
{1=1,2,3, 2=A,H, 4=B,D,F,4, 5=E, 7=C, 8=G}	9931.84	1974.77	0.04203370327593262	No
{1=1,2,3,H, 2=A,D,F,4, 3=B,C, 5=G, 8=E}	11548.23	1859.78	0.03912449289063439	No
{2=1,2,H, 3=3,4, 4=A,D,F, 5=G, 6=E, 7=B, 8=C}	9176.66	1479.31	0.0432802061589378	No
{1=3, 2=1,2,F, 3=A, 4=C,D,G,4,H, 5=E, 7=B}	10241.19	2136.53	0.041137410688383155	No
{1=1,2,3,H, 2=A,F,4, 3=B,C, 5=G, 6=D, 9=E}	10894.81	1585.11	0.04042639164432125	No
{1=1,2,3,4, 2=A,F,H, 3=C,D,G, 4=B,E}	11878.69	2050.78	0.03790587798542719	No
{1=1,H, 2=A,2,3, 3=C,D,4, 4=F, 5=E,G, 6=B}	11206.7	1581.79	0.03935513789226936	No
{1=1,2,3, 2=A,F, 3=B,C,D,G,4, 4=H, 5=E}	11423.28	2253.61	0.03925619644676519	No
{1=1,3, 2=A,2,F,4,H, 3=B,D,G, 4=C, 5=E}	11627.99	2011.32	0.03849167254721912	No
{1=1,2,3, 2=A,4, 3=B,D,F, 4=H, 5=G, 6=E, 7=C}	9964.71	1889.01	0.04211557377941565	No
{1=1,2,3, 2=4, 3=A,D,F, 4=B,H, 5=C,G, 6=E}	10234.0	1966.78	0.04172076182122609	No
{1=1,2,4,H, 2=A,3, 3=B,C,D,F, 4=E, 5=G}	11992.06	2093.93	0.03810606625787531	No
{1=1,2,3, 2=A,F,H, 4=G, 5=C,D,4, 6=B,E}	10371.72	1805.86	0.04058443370512903	No
{1=1,3, 2=2,F, 3=D, 4=A,G, 5=B,4,H, 7=C, 9=E}	8999.26	1651.29	0.04453713057512853	No
{1=1,2,H, 2=A,D,3,4, 3=C,F, 5=G, 6=E, 7=B}	11102.16	1659.64	0.03938144062679909	No
{1=1,3,4, 2=A, 3=2,F,H, 4=B,C,D, 5=G, 6=E}	10645.84	2140.53	0.04072307091893667	No
{1=1,2,4,H, 2=A,D,3, 3=B,C,F, 5=E,G}	11943.06	1970.29	0.038274280326666986	No
{1=1,2,3,4, 2=A,F,H, 3=B,C,D,G, 5=E}	11876.14	2355.97	0.038180145834711264	No
{1=1,2,H, 2=D,3,4, 3=A, 4=B,C,E,F, 11=G}	11018.22	2158.26	0.0404102234258373	No
{1=1,2, 2=A,D,3,4, 3=B,C,F, 4=H, 5=E,G}	11256.63	2101.07	0.03987774718197059	No
{1=1,2,3, 2=A, 4=B,C,D,F,4,H, 5=E, 8=G}	10217.89	2535.99	0.04221308234400815	No
{1=1,2, 2=A,D,3,4, 3=B,C,F, 5=E,G, 6=H}	10809.24	2105.77	0.04107868249207454	No
{1=1,2,3,H, 2=A, 3=C,D,4, 4=E,F, 6=B,G}	11288.25	1637.99	0.03924953540995613	No
{1=1,2,3,H, 3=A,D, 4=C,4, 5=B,F, 6=E,G}	10695.3	1462.6	0.04071956145239532	No
{1=1,3,4, 2=A,2,F,H, 3=B,D, 4=C,E, 10=G}	11193.5	1946.59	0.03996839060724501	No
{1=1,2,4, 2=A,3,H, 3=D,F, 4=B,C, 5=G, 8=E}	10656.29	1795.89	0.04070502088885071	No
{1=1,2,3,4, 2=A,F,H, 3=D,G, 4=C, 5=E, 8=B}	10788.76	1705.39	0.03949623874931512	No
{1=1, 2=A,3, 3=F, 4=2,4, 5=D, 6=C, 7=B, 8=E,H, 10=G}	7655.91	1326.47	0.05026554005295838	No
{1=2,3,4, 3=1,D,F, 4=A,G, 5=E,H, 6=C, 9=B}	9143.26	1873.19	0.04361348203990426	No
{1=1,4, 2=A, 3=2,3,H, 4=B,C,D, 5=E,F, 7=G}	10423.8	2057.2	0.04160281510636212	No
{1=1,3,H, 2=A,4, 3=F, 4=B,C,2, 5=D, 6=G, 7=E}	10733.15	1378.12	0.040436268930938525	No
{1=4,H, 2=2,3, 3=F, 4=1, 5=D, 6=A, 7=E, 8=B,C,G}	8701.87	866.27	0.04479648394338633	No
{1=1,3, 2=A,2,4, 3=C,F, 4=H, 5=B, 6=D, 7=G, 8=E}	9748.79	1523.81	0.04335707603216554	No
{1=1,2,3,4,H, 2=A,F, 3=B, 4=C,D,G, 6=E}	11473.14	1635.9	0.03886859824273108	No
{1=3, 2=1,2, 3=A,D,F,4,H, 5=B,C,E,G}	10469.81	2615.7	0.0408895343093274	No
{1=1,2,3, 2=A,D,F,H, 3=C,G,4, 4=E, 5=B}	11836.76	1919.92	0.037893697744241096	No
{1=1,2,3,H, 4=D,F,4, 5=A, 7=B,C, 8=E, 10=G}	8827.27	1623.47	0.04511369115992594	No
{1=1,2,4, 2=A,D,3, 3=H, 4=B,F, 6=E, 7=C, 8=G}	9774.13	1679.53	0.04280619171401242	No
{1=1,2,3, 2=A,D,4, 3=B,E,F,H, 5=G, 6=C}	11079.65	2506.83	0.03961852833245926	No
{1=1,2,3,4, 2=F,H, 3=A,G, 4=B,C,D, 5=E}	11277.84	1928.43	0.038956270856462645	No
{1=2,3,4, 2=1,F, 3=A,H, 4=B,C, 5=D,G, 6=E}	10581.18	1692.65	0.04081418344496569	No
{1=1,2,3,4,H, 2=D,F, 3=A,E, 4=B,C,G}	12013.73	1771.47	0.03760569587005401	No
{1=1,3, 2=A,2,F,4, 3=B,D,G,H, 4=C, 5=E}	11399.25	2240.25	0.03907908136691493	No
{1=3,4, 2=1,2,H, 3=A,D,F, 4=E, 5=C, 6=B,G}	10614.57	1729.03	0.04032951197928272	No
{1=1,2,3, 2=D,F,4, 3=A,G,H, 4=B, 5=C,E}	11047.54	1890.25	0.03950434688619272	No
{1=1,2,3,4, 2=A,D, 3=B,E,F,H, 4=G, 5=C}	11414.95	2508.6	0.03905529336269543	No
{1=1,2,3,H, 4=D,F, 5=A,4, 6=G, 7=B,C, 8=E}	9169.94	1384.88	0.04358368070810922	No
{1=1, 2=2,3,H, 3=A,D,F, 4=C,G,4, 5=B,E}	11037.45	1679.99	0.039556894441049435	No
{1=1,3, 2=A,2,4, 3=C,D,F, 4=H, 5=E,G, 7=B}	10462.04	1914.29	0.0409907503535366	No
{1=1,3, 2=A,2,4, 3=B,D,F,H, 4=C,E,G}	11370.01	2404.19	0.03925430400679096	No
{1=1,2,3,H, 2=A,D, 3=F,4, 4=C,E, 5=B,G}	11525.44	1599.05	0.0385117600653126	No
{1=1,3, 2=A,F, 3=C,2, 4=D, 5=B,G,4,H, 9=E}	9893.12	1638.04	0.04289462653392305	No
{1=1, 2=A,2,3,4,H, 3=B,D, 4=C,E,F, 11=G}	10888.94	2142.57	0.0409213522665303	No
{1=1,2,3, 2=D,F,4,H, 3=A,E,G, 4=B, 5=C}	11623.76	2049.34	0.03813614581819425	No
{1=2, 2=1,3, 3=A,D,H, 4=B,C,F,4, 5=E, 9=G}	10432.86	2180.54	0.04183423454619141	No
{1=1,2,3,4, 2=A,H, 4=B,C,D,F, 5=E, 8=G}	10669.01	2316.88	0.04091239840774406	No
{1=1,2,4,H, 2=D,3, 3=A,F, 4=G, 5=B,C, 6=E}	10965.01	1432.59	0.039600945030968775	No
{1=1,3, 2=A,4, 3=B,2, 4=D,F,H, 5=C,E, 6=G}	10313.14	2044.85	0.04184474320543594	No
{1=1,3,4, 2=A,H, 3=B,C, 4=2,F, 5=D,G, 7=E}	10897.6	1475.8	0.04051302306538313	No
{1=1,3, 2=4, 3=A,2, 4=C,D,F,H, 5=B,E, 6=G}	10168.84	2247.18	0.04202504215457903	No
{1=1,2,3,4, 3=A,D, 4=B,C,E,F,H, 8=G}	10453.99	2829.8	0.04167559712167739	No
{1=1,2,3, 2=A,H, 3=B,C,F, 4=D,4, 6=G, 8=E}	10873.82	1752.5	0.0407153038656145	No
{1=1,2,4,H, 2=A,3, 3=D, 4=E,F, 5=B,C, 8=G}	10778.71	1457.76	0.0403235133783367	No
{1=1,3,4, 2=A,F,H, 4=B,C,2, 5=D, 7=E, 8=G}	10440.29	1807.3	0.04130320377156492	No
{1=1,2,3,H, 2=A,F,4, 5=C,D,G, 6=B,E}	10509.96	1808.57	0.040303232623239704	No
{1=2,3, 2=1, 3=A,D,F,4,H, 4=C,G, 5=B,E}	10804.76	1972.09	0.04021775622167109	No
{1=1,2,3,4, 2=A,F,H, 3=D,G, 4=B,C, 7=E}	11112.74	1755.46	0.03939656097209604	No
{1=2,3,4,H, 2=D,F, 3=1,E,G, 4=A, 5=B, 6=C}	11386.67	1599.0	0.03826732258320594	No
{1=1,2,H, 2=A,D,3, 3=B,C,F, 4=4, 5=E, 6=G}	11861.12	1790.84	0.038537202578002056	No
{1=1,3, 2=A,2,F, 3=B,D, 4=C,G, 5=4,H, 6=E}	10691.35	1634.17	0.04091954138241176	No
{1=4, 2=1, 3=A,3, 4=2,F, 5=B,D, 6=C,G,H, 7=E}	8768.21	2017.02	0.04595269443708394	No
{1=2,3, 2=1,D,F, 3=A, 4=C, 5=4, 6=B, 7=E,H, 8=G}	9295.07	1360.01	0.04482804481495196	No
{1=1,2,4, 2=A,D,3, 3=E,F,H, 4=C,G, 5=B}	11325.84	2195.95	0.03902853884015213	No
{1=1,3,4,H, 2=A,2, 3=C,D, 4=F, 5=E,G, 6=B}	11201.46	1587.03	0.03937571181278844	No
{1=1,2,3,4,H, 2=A, 3=B,C,D,F, 4=E, 5=G}	11990.36	2125.63	0.03811171711224803	No
{1=1,2,3,4, 2=A,D,F,H, 3=C, 4=E,G, 5=B}	11743.98	1970.72	0.0381770348457797	No
{1=1,2,3,4,H, 2=D,F, 3=A, 4=B,G, 5=C, 6=E}	11245.84	1526.04	0.03907976953991825	No
{1=2,3,4,H, 2=F, 3=1,G, 4=A,D, 5=B, 6=C,E}	10622.1	1182.41	0.03989570773103751	No
{1=1,2,3,H, 2=A,D, 3=F,4, 4=E, 5=B,C,G}	11276.26	1469.8	0.038863631259199415	No
{1=2,3,4,H, 2=1,F, 5=A,D,G, 6=C,E, 7=B}	9937.52	1652.36	0.041403570825726016	No
{1=1,2,H, 2=A,D,3,4, 4=B,F, 5=G, 6=E, 7=C}	10495.99	1632.38	0.04044066393167873	No
{1=1,2,3,4, 2=A,F,H, 3=C,D,G, 4=E, 5=B}	11709.19	2044.79	0.038119855342342183	No
{1=2,3,4,H, 2=1,F, 3=A,D,G, 4=C,E, 5=B}	11637.1	1662.2	0.03806961891947978	No
{1=1, 2=A,2,3,4,H, 3=B,C,D, 4=F, 5=E,G}	11479.4	2124.91	0.03930005605022483	No
{1=1,2,3, 2=A,D,F,4,H, 3=B,C,G, 4=E}	12174.98	2230.59	0.03759511354747307	No
{1=1,2,3,H, 4=D,F,4, 5=A,G, 7=B,C, 8=E}	9255.43	1555.66	0.04319567158067434	No
{1=1,2,4, 2=A,D,H, 3=B,E,3, 4=F, 5=G, 8=C}	10711.02	2080.25	0.040062502535766126	No
{1=1,2,3,4,H, 2=A,D, 3=B,C,E,F, 5=G}	12288.83	2388.6	0.03757064859278336	No
{1=1,2,3,H, 2=A,D,F,4, 3=B, 4=C, 5=G, 8=E}	11295.73	1736.26	0.039463210855090615	No
{1=1,4,H, 2=A,2,3, 3=B,C,D,F, 5=E,G}	11821.6	2091.35	0.03847599921213775	No
{1=1,2,3, 2=A,F,4,H, 3=D, 4=E, 5=B,C,G}	11031.7	1687.62	0.03931418492470689	No
{1=1,2,4,H, 2=A,D,3, 4=B,C,E,F, 8=G}	11321.41	2378.47	0.039453881589794466	No
{1=1,2,3,4,H, 2=A,F, 4=C, 5=B,D,G, 9=E}	10420.53	1530.2	0.040982425537759756	No
{1=1,2,3,H, 2=A,D,F,4, 3=C,G, 4=E, 8=B}	11571.91	1749.9	0.037998801389241554	No
{1=1,2,3,4,H, 2=D,F, 3=A,E,G, 4=B,C}	12102.98	1822.06	0.03734690199660989	No
{1=1,2,3,H, 2=A,F,4, 3=B,C, 4=D,G, 6=E}	11727.42	1585.39	0.03852508111259062	No
{1=1,3,H, 2=A,4, 3=F, 4=2, 5=D, 6=G, 7=E, 8=B,C}	9084.05	907.65	0.043236524916448534	No
{1=1,3, 2=A,2,F,4,H, 3=B,C,D,G, 5=E}	11880.49	2351.61	0.03816399535307898	No
{1=1,2,3,4, 2=A,H, 3=B,C,D, 4=F, 5=G, 6=E}	11302.1	2130.92	0.039733541229236155	No
{1=2,3,4, 2=1,D,F, 3=E,G, 4=A, 5=B, 6=C, 7=H}	10028.4	1733.55	0.04185047209726396	No
{1=1,3,4,H, 2=2,F, 3=A,D, 4=G, 5=B, 6=C,E}	10706.17	1410.82	0.03988445888858905	No
{1=1,2,3,H, 2=A,F, 3=D,4, 4=C,E, 5=G, 8=B}	11019.55	1552.03	0.039050454761893484	No
{1=1,3, 2=A,2,4, 3=F, 4=C,H, 5=B, 6=D, 7=G, 8=E}	9496.29	1669.19	0.04383551656752153	No
{1=1,2,3,4,H, 2=A,D,F, 3=G, 4=C,E, 5=B}	11812.53	1875.46	0.03773102363613598	No
{1=1,2,3, 2=A,D,F,H, 3=B,C,G,4, 5=E}	12003.7	2228.8	0.037958464285603004	No
{1=1,3,4,H, 2=A,2,F, 3=C,D,G, 4=E, 6=B}	11777.3	1810.86	0.037817860399072874	No
{1=1,2,3,4,H, 3=A, 4=B,D,F, 5=C,G, 8=E}	10349.74	1778.63	0.04133080969534916	No
{1=1,2,3,4, 2=A,F,H, 3=G, 4=B,C,D, 5=E}	11331.33	2116.22	0.03880478226701745	No
{1=1,2, 2=A,D,3, 3=F, 4=4, 6=C, 7=B, 8=E,H, 10=G}	8015.27	1398.23	0.04899662960291965	No
{1=1,2,3, 2=D,F,4,H, 3=A,G, 4=B,E, 5=C}	11449.33	1862.57	0.038476658733247404	No
{1=1,2,3,4,H, 2=D,F, 3=A, 4=B,C, 7=E, 8=G}	10977.98	1641.3	0.040207284573959445	No
{1=1,2,3,H, 2=A,D,4, 3=C,E, 4=F, 7=B, 11=G}	10996.0	1879.63	0.0401586004891787	No
{1=1,2,4, 2=A,D,3,H, 3=B,C,E,F, 10=G}	11630.56	2618.26	0.039297274148228846	No
{1=1,2,3, 2=A,4, 4=D,F,H, 5=B, 7=C,G, 8=E}	8880.25	1895.04	0.04513287987966603	No
{1=1,2,4,H, 2=A,D,3, 3=B,C,E,F, 5=G}	12290.53	2386.9	0.03756522003940103	No
{1=1,2,H, 2=A,D,3,4, 3=B, 4=F, 6=C,E, 8=G}	10651.5	1613.27	0.04094997722517872	No
{1=1,2,4,H, 2=D,3, 3=A,F, 4=B,C,E,G}	11727.97	2056.06	0.0382149170776171	No
{1=1,2,3,4,H, 2=A,F, 3=B,C, 4=G, 6=D, 9=E}	10981.38	1586.94	0.040163818019087236	No
{1=1,2,3, 2=A,F,H, 3=C,D,G,4, 4=B,E}	11882.22	2047.25	0.037892993331492625	No
{1=1,H, 2=A,3,4, 4=B,2,F, 5=D, 7=C,E, 8=G}	9707.93	1419.42	0.04260825818712172	No
{1=1,2,3,4,H, 2=A,D,F, 3=B,C, 4=G, 6=E}	11971.5	1861.55	0.038138476836158335	No
{1=2,3, 2=1,D,4, 3=A,F, 4=C, 6=B,G, 7=E,H}	9349.13	1584.06	0.044533706426007506	No
{1=1,2,3, 2=A,F,H, 3=4, 4=B,C, 5=D,G, 6=E}	10864.86	1635.81	0.039981962456261774	No
{1=1,2,3,H, 2=A, 3=B,C,D, 4=4, 5=F, 6=E,G}	11341.27	1750.26	0.039803223257884685	No
{1=1,3,4, 2=A,H, 3=B,2, 4=F, 5=D,G, 6=C, 7=E}	10144.68	1410.62	0.04174644400718036	No
{1=2,3,4,H, 2=1,D,F, 3=A, 4=B,C, 5=G, 8=E}	11072.06	1639.21	0.03973754033403397	No
{1=1,2,H, 2=A,3,4, 3=C,D, 4=E,F, 8=B,G}	10787.27	1608.0	0.04025606600260393	No
{1=1,3,4, 2=A,F, 3=G, 4=2, 5=D, 6=C, 7=B, 8=E,H}	8367.72	1162.95	0.04644905254531077	No
{1=1,2,H, 2=3,4, 4=D,F, 5=A, 7=B,C, 8=E, 11=G}	8742.64	1390.91	0.04553829449460961	No
{1=1,2,3,H, 2=A,4, 4=D,F, 5=G, 7=B,C, 8=E}	9410.8	1486.46	0.04263965285443513	No
{1=4,H, 2=3, 3=2,F, 4=1, 5=D, 6=A, 8=B,C,E,G}	8536.89	1438.82	0.04536072153141157	No
{1=1,2,H, 2=A,3,4, 3=B,D, 4=F, 6=C, 9=E, 10=G}	9855.72	1555.78	0.04331162394057605	No
{1=1,3,H, 2=A, 3=F, 4=B,2,4, 5=D,G, 7=C,E}	10081.42	1116.29	0.04115082840420151	No
{1=1,2,3,4,H, 2=A,D,F, 3=B,C,E,G}	12579.45	2417.63	0.036837035216464115	No
{1=1,2,3,4,H, 2=D, 3=A,F, 5=B,C, 6=E,G}	10787.75	1505.86	0.04018765884728158	No
{1=1,2,3,H, 2=A,4, 3=B,D,F, 4=E, 5=G, 6=C}	11241.74	1753.72	0.03908673520556096	No
{1=1,H, 2=A,2,3, 3=B,D,F, 4=C,4, 5=G, 8=E}	11066.45	1572.91	0.039984322867358285	No
{1=1,2,3,4,H, 2=A,D,F, 3=B,C,G, 4=E}	12405.02	2001.0	0.037158429268542105	No
{1=1,3,H, 2=2, 3=D, 4=F, 5=A,4, 6=G, 7=B,C, 8=E}	9294.34	968.79	0.04331139116253163	No
{1=1,3, 2=A, 3=C,2,F,4, 4=D, 5=B,G,H, 9=E}	9776.63	1755.46	0.043298754590478	No
{1=1,2,3,H, 2=D,F,4, 3=A,E,G, 4=C, 5=B}	11935.26	1817.98	0.0375320161326072	No
{1=1,2,3,H, 2=A,D, 3=B,C,F, 4=4, 5=E,G}	11946.63	1792.59	0.03826068388899234	No
{1=1,2,4, 2=A,D,3,H, 3=F, 4=B, 5=G, 7=C, 8=E}	10037.88	1769.75	0.04151221154704549	No
{1=1,2,H, 2=A,3,4, 3=D,F, 4=G, 5=E, 6=C, 7=B}	10487.32	1441.09	0.04002551464185335	No
{1=1,2,3,H, 4=D,4, 5=A,F, 6=G, 7=B,C, 8=E}	9057.51	1421.54	0.04402444149236143	No
{1=1,3, 2=A,2,F,4,H, 3=C,D,G, 5=E, 7=B}	11209.06	2040.44	0.038880118803292445	No
{1=1,2,3,H, 2=A,4, 3=B,C,F, 5=D, 6=G, 7=E}	11148.49	1698.26	0.03996167900338884	No
{1=1,3, 2=A,2,F,4,H, 3=D, 4=B,C,E, 5=G}	11452.95	2122.05	0.03871522021595405	No
{1=2,3,4,H, 2=1,D,F, 3=A,E,G, 5=B,C}	11686.39	1819.78	0.03786074681609578	No
{1=2,3,4,H, 2=1,F, 3=A,D,G, 4=B,C,E}	11806.59	1966.26	0.03786459367511714	No
{1=1,2,3,H, 3=A,D,F, 4=C,4, 5=B,G, 6=E}	11005.39	1578.67	0.03970735051834724	No
{1=1,2,3,4,H, 2=D,F, 3=E,G, 5=A, 7=B,C}	10754.21	1614.54	0.039024646140361455	No
{1=1,2,3,H, 2=A,D,F,4, 3=B,E, 4=C,G}	12239.49	1934.21	0.03737380693529314	No
{1=1,2,4, 2=A,D,3,H, 3=B,C,F, 4=E, 5=G}	11884.28	2201.62	0.038370238216717936	No
{1=1,2,3,4,H, 3=A,D, 4=B,E,F, 5=C,G}	11152.53	2039.58	0.03936439747472627	No
{1=1,3, 2=A,F, 4=2,G, 5=D,4,H, 6=C,E, 7=B}	9284.11	1784.07	0.043296075732110424	No
{1=1,2,3,4,H, 2=A,D,F, 3=E, 4=B,C,G}	12067.22	1834.91	0.03746975011684958	No
{1=3,4,H, 2=2, 3=D,F, 4=1, 6=A,E, 8=B,C,G}	9112.32	1324.45	0.04367979648661093	No
{1=1,2,3, 2=A,D,H, 3=F,4, 4=B,C,E, 5=G}	11463.13	2138.16	0.038794865401980856	No
{1=2,3, 2=1,F, 3=A,D,G, 5=4, 6=B,C,E, 7=H}	9279.43	2135.94	0.043826185707179215	No
{1=1,3,H, 2=A,2,F, 3=D,G, 4=C,4, 5=B,E}	11523.32	1302.11	0.038296468930498505	No
{1=1,2,3,4,H, 2=A, 3=B,D,F, 4=E, 6=C, 8=G}	10980.44	1785.49	0.03996009190884048	No
{1=1,2,3,4,H, 2=A, 3=B,C,D, 4=E,F, 5=G}	11878.19	1931.68	0.03842859689423143	No
{1=1,4,H, 2=2,3, 3=A, 4=B,C,F, 5=D, 9=E, 10=G}	9887.45	1484.51	0.043253856308126365	No
{1=1,2,3,H, 2=A,D,4, 3=C,F, 4=E, 5=G, 8=B}	11281.29	1661.38	0.03882041158386365	No
{1=1,2,3, 2=D,F,4,H, 3=A,E,G, 5=C, 7=B}	11122.82	2049.34	0.03873314254019001	No
{1=1,2,3,4,H, 2=D,F, 3=A, 4=B,G, 6=C,E}	10997.12	1554.82	0.03940987019999795	No
{1=1,2,3,4, 2=F,H, 3=A,D,G, 4=E, 5=B,C}	11154.03	1760.68	0.03892400922328728	No
{1=1,2,3, 2=A,D,F,4,H, 3=E,G, 5=B, 6=C}	11259.04	2021.0	0.03850648627663238	No
{1=1,2,3,H, 2=A,4, 4=B,F, 6=D, 7=C,E, 8=G}	9578.6	1428.92	0.04292199687897473	No
{1=4,H, 2=2,3, 3=1,F, 4=A, 5=B,D, 7=E, 8=C,G}	9299.08	1175.45	0.04345031714559457	No
{1=1,2,3,4, 2=A,F,H, 3=D,G, 4=C, 7=E, 8=B}	10448.35	1705.39	0.04033368666260348	No
{1=1,2,H, 2=A,D,3,4, 3=F, 4=B, 7=C, 8=G, 9=E}	9845.52	1536.61	0.04242638461709291	No
{1=F,H,I, 2=D, 3=A,B, 4=C, 5=E, 6=G, 7=J}	5901.16	1300.42	0.04699113808266198	No
{1=F,H,I, 2=A,B,D, 4=E, 5=C, 6=J, 9=G}	5747.82	1507.53	0.047654089044593465	No
{1=F,H,I, 2=A,B,D, 3=E, 4=C, 5=G, 6=J}	6143.74	1511.83	0.04567745797567858	No
{1=F,H,I, 2=A,B,D, 4=C, 6=G, 7=J, 9=E}	5885.03	1533.6	0.04713315291754499	No
{1=H, 2=A,D,F, 3=B,I, 5=C,E, 6=G, 8=J}	5729.29	1474.59	0.04803395329930959	No
{1=H, 3=A,B,D,F,I, 4=C,E,G, 6=J}	5882.97	2079.03	0.047079018641858116	No
{1=F,H,I, 2=A,B,D, 3=C, 4=E,G, 6=J}	6279.8	1638.89	0.04517720659772421	No
{1=F,H,I, 2=D, 3=A,B, 4=C,E, 6=G, 7=J}	5928.85	1421.9	0.04682824064311594	No
{1=F,H,I, 2=A,B,D, 3=C, 4=E,J, 5=G}	6261.84	1522.9	0.04504104180757495	No
{1=H, 2=A,B,D,I, 4=F, 5=C,E,G, 9=J}	5776.62	1887.23	0.04783549860455972	No
{1=H, 2=B,D,F, 3=A, 4=C,G, 5=E,I, 8=J}	5952.31	1627.68	0.04695656292484278	No
{1=H, 2=A,B,D,F,I, 3=C,E,G, 5=J}	6342.28	2092.89	0.04497858390030506	No
{1=H, 2=A,B,D,F, 4=E,G, 5=C, 7=I,J}	5901.82	1700.27	0.04728091220593873	No
{1=H, 2=A,B,F, 3=D, 4=E,G, 7=C,I, 8=J}	5605.43	1527.14	0.04900065387623526	No
{1=H,I, 2=A,B,D,F, 4=C, 5=E,J, 7=G}	5934.55	1563.26	0.04663430894560751	No
{1=H, 2=A,B,D,F, 3=C,E, 4=G,J, 7=I}	6193.03	1750.58	0.04551561669146426	No
{2=H, 3=A,B,D,F,I, 4=C,E, 5=J, 6=G}	5705.27	1693.22	0.04780613914515469	No
{1=F,H, 2=A,B,D, 3=E,G, 4=I, 5=C, 9=J}	6052.51	1658.25	0.046728977006309964	No
{1=H,I, 2=A,B,D,F, 4=C, 5=E, 6=G,J}	5977.8	1650.92	0.04643455671842278	No
{1=F,H, 2=A,B, 3=D, 4=C,G, 5=I,J, 6=E}	5984.88	1633.61	0.04654762526071424	No
{1=H, 2=A,B,D,F, 4=C, 5=E,G,I, 7=J}	5937.16	1731.79	0.04679286069979174	No
{1=H, 2=A,B,F, 3=D, 4=C,E,G, 5=I, 7=J}	5947.02	1815.73	0.04672511241132523	No
{1=H, 2=B,D,I, 3=F, 4=A,E, 5=C,G, 6=J}	5862.19	1576.77	0.047193051251586016	No
{1=H, 2=D,F, 3=A,B, 4=C,E, 7=G,J, 8=I}	5671.96	1542.66	0.048265845260439366	No
{1=H, 2=A,B,D,F, 3=I, 4=G, 5=C,E, 10=J}	5881.1	1621.12	0.047502441514805864	No
{1=H, 2=F, 3=A,D,I, 4=B, 5=G, 6=C,E, 8=J}	5500.45	1340.47	0.049521236733795486	No
{1=F,H, 2=A,B,D, 3=C,E,G, 4=I,J}	6367.39	1986.19	0.04487586309570613	No
{1=H,I, 2=A,B,D,F, 3=C,E, 4=J, 5=G}	6248.51	1685.17	0.045031281889731926	No
{1=H, 2=A,B,D,F,I, 3=C, 4=G, 5=E, 10=J}	6087.6	1596.56	0.04624776375609532	No
{1=H, 2=A,B,D,F, 3=I, 5=C, 6=E,J, 9=G}	5609.18	1496.43	0.04846938271946039	No
{1=F, 2=H, 3=A,B,D,I, 4=C,E, 5=G,J}	5856.2	1701.97	0.04714173663975853	No
{1=H,I, 2=A,B,D,F, 3=C,G, 4=E,J}	6362.81	1928.87	0.0448843672121329	No
{1=F,H,I, 2=B,D, 4=A,E, 5=G, 6=C, 7=J}	5847.07	1393.75	0.0474898187705928	No
{1=H, 2=A,I, 3=B,D,F, 4=C,E,G, 5=J}	5960.12	1962.31	0.046611448996993626	No
{1=H, 2=D,F,I, 3=A,B, 4=C, 5=E,J, 6=G}	5890.78	1358.99	0.046934381461199444	No
{1=H,I, 2=A,B,D,F, 3=C, 4=G, 5=E, 7=J}	6185.42	1575.16	0.04563704880926446	No
{1=H, 2=A,B,D,F,I, 3=C, 4=E,G, 6=J}	6217.4	1700.87	0.045426794147615454	No
{1=H, 2=A,B,D,F, 3=C, 4=J, 5=E,I, 6=G}	6038.7	1509.84	0.04604422871321013	No
{1=F,H, 3=A,B,D, 4=C, 5=E, 6=G, 7=I, 8=J}	5661.01	1471.36	0.04823735105396316	No
{1=H, 2=A,D,F,I, 3=B, 4=C, 6=E, 7=J, 8=G}	5703.29	1330.23	0.04794210841975557	No
{1=F,H, 2=A, 3=B,I, 4=D, 5=C,E,G, 9=J}	5638.71	1672.08	0.04826917567745386	No
{1=H, 2=A,B,D,F,I, 3=C, 6=E, 7=J, 8=G}	5858.16	1584.05	0.04699448525024077	No
{1=H, 2=A,B,D,F, 3=C,G,I, 5=E, 10=J}	6137.56	1971.47	0.04622835099858106	No
{1=H,I, 3=A,B,D,F, 4=C,E,G, 6=J}	5925.79	2058.48	0.04683882928402674	No
{1=F,H, 2=A,B,D,I, 6=C,E,G, 8=J}	5734.14	2038.94	0.04811074537979545	No
{1=H, 2=A,B,D,F, 4=C,E, 5=I,J, 7=G}	5877.54	1638.84	0.04694425574368325	No
{1=H,I, 2=A,B,D,F, 3=E, 4=C,G, 6=J}	6173.48	1896.68	0.04566470137285163	No
{1=F,H, 2=A,B,D,I, 3=E,G, 5=C, 7=J}	6145.86	1724.39	0.04615832222961716	No
{1=H, 2=D,I, 3=A,B,F, 4=G, 5=C, 6=E,J}	5845.4	1444.79	0.04758866844357179	No
{1=H, 2=B, 3=A,D,F, 4=C,E,G, 5=I, 6=J}	5902.97	1885.65	0.046911694522864825	No
{1=H,I, 2=A,B,D,F, 4=C,E, 6=J, 7=G}	5936.08	1684.03	0.04664322426334264	No
{1=F,H, 2=A,B,D,I, 3=C, 4=E,G, 9=J}	6181.2	1660.29	0.04576194029583504	No
{1=H, 2=A,B,D,F, 3=I, 4=C,E, 5=G, 7=J}	6006.72	1621.54	0.04640977928256995	No
{1=H,I, 2=A,B,F, 3=D, 5=C, 6=E,J, 9=G}	5563.61	1334.7	0.04850322405929885	No
{1=H, 2=A,B,D,F,I, 4=C, 6=G, 8=E, 9=J}	5797.95	1595.58	0.04763008154780943	No
{1=F,H,I, 2=A,B,D, 3=C, 4=G, 5=E,J}	6278.26	1534.64	0.0451725341782279	No
{1=H, 2=A,B,D,F,I, 3=C,E,G, 4=J}	6368.74	2092.89	0.04482250963619237	No
{1=H,I, 2=A,B,D,F, 3=C, 4=E, 6=J, 9=G}	5892.23	1562.67	0.04669699272854259	No
{1=H, 2=A,B,D,F, 3=C,E,G, 6=I,J}	6232.14	2026.76	0.045545531861755514	No
{1=F,H,I, 2=A,B,D, 3=E, 4=G, 5=C, 8=J}	6070.51	1539.46	0.04640145493486905	No
{1=H, 2=A,B,D,F, 3=C,I, 4=G, 5=E,J}	6194.61	1598.39	0.045550218689489635	No
{1=F,I, 2=H, 3=A,D, 4=B, 5=E, 6=G, 7=C, 8=J}	5387.66	1213.2	0.05023372323891737	No
{1=F,H,I, 2=A,B,D, 3=E,G, 4=C, 6=J}	6285.53	1703.02	0.0453565573971128	No
{1=H, 2=F, 3=A,B,D, 4=E, 5=C,I, 7=G, 8=J}	5527.57	1446.64	0.04903609760668564	No
{1=H, 2=A,B,D,F, 3=C,E,I, 4=G,J}	6276.25	1817.7	0.04508013291056929	No
{1=F,H, 2=A,B,D,I, 3=C, 4=E, 6=G, 9=J}	6040.71	1547.53	0.04621452206225668	No
{1=H, 2=A,B, 3=D,F,I, 4=C,E, 6=G, 7=J}	5808.22	1542.39	0.04715972172751515	No
{1=F,H, 2=I, 3=A,B,D, 4=C,E, 5=G,J}	5940.82	1643.16	0.046604035085428284	No
{1=F,H, 2=I, 3=B, 4=A, 5=D, 6=C,E,G, 9=J}	5325.53	1506.34	0.049913590845399605	No
{1=F,H, 2=A,B,D, 3=C,G, 4=E,J, 8=I}	6256.98	1843.65	0.045470406856376454	No
{1=H, 2=A,B,D,F,I, 3=C,E, 6=J, 12=G}	5697.39	1706.23	0.04750797017083402	No
{1=H, 2=A,B,D,F, 3=C, 4=E, 5=I,J, 8=G}	5902.02	1509.89	0.04667101395783875	No
{1=F,H, 2=B,D, 3=E, 4=A, 5=C,I, 6=G,J}	5837.64	1335.61	0.04728116633381656	No
{1=F,H,I, 2=A,B,D, 3=C,E, 4=G,J}	6359.91	1734.89	0.0447153574293411	No
{1=H, 2=A,B,D,F, 3=I, 4=C, 5=E, 6=G, 8=J}	5883.42	1499.82	0.047031780428612745	No
{1=H, 2=A,D,F, 3=B, 4=C, 5=I,J, 6=G, 8=E}	5776.11	1281.25	0.04768503604005915	No
{1=F,H, 2=A,B,D, 3=E, 4=C,G,I, 6=J}	6150.56	1897.88	0.04582334804744842	No
{1=F,H,I, 2=A,B,D, 3=C, 6=G,J, 9=E}	6003.87	1636.9	0.04643492668774635	No
{2=H, 3=A,D,F, 4=B, 5=C,I, 6=G,J, 7=E}	5401.29	1457.09	0.04988497456840955	No
{1=H, 2=A,B,D,F, 3=C,E, 4=I,J, 5=G}	6184.76	1640.23	0.045343368649697374	No
{1=H,I, 2=D,F, 3=A,B, 4=C,E,G, 7=J}	6028.51	1841.75	0.04653679972387987	No
{1=H, 2=A,B,D,F, 4=C,E,G,I, 7=J}	6056.37	2108.99	0.046322313286997145	No
{1=H, 2=A,B,D,F, 3=I, 4=C,E,G, 8=J}	6051.6	2000.58	0.04640448264147894	No
{1=H, 2=I, 3=A,B,D,F, 4=C,E, 6=G,J}	5763.74	1700.45	0.047426813519302675	No
{1=F,H, 2=A,B,D,I, 4=G, 5=C,E, 9=J}	5968.28	1668.63	0.047001643669907375	No
{1=H, 2=A,B,D,F, 4=C,E, 5=I, 7=G, 8=J}	5799.83	1643.0	0.04748685278338006	No
{1=H, 2=A,B,D,F, 3=C, 4=E, 5=G,J, 7=I}	6068.5	1619.42	0.04603486528828429	No
{1=H, 2=F, 3=A,B,D, 4=C,E,G,I, 6=J}	5902.23	1993.89	0.0469789052480738	No
{1=F,H, 2=A,B,D, 3=C,G,I, 5=E,J}	6306.66	1930.95	0.0452511312556747	No
{1=H, 2=A,F, 3=B,D, 4=C,G, 5=E,I,J}	5909.47	1740.04	0.0469291493002223	No
{1=F,H, 2=B,D, 3=A, 4=C,E,I, 6=G, 10=J}	5850.73	1435.63	0.04732982276178962	No
{1=F,H, 2=A,B,D, 3=C,G, 4=E,I, 5=J}	6313.43	1843.52	0.04519358950899917	No
{1=H, 2=A, 3=B,D,F, 4=C, 5=G,I,J, 6=E}	5771.42	1628.14	0.04751820880230359	No
{1=F,H, 2=A,B,D, 3=E,I, 4=C, 5=G, 7=J}	6075.05	1449.29	0.04607040000773021	No
{1=H, 2=A,B,D,F, 3=C,E,G, 7=J, 9=I}	6144.92	2026.76	0.04606496454047513	No
{1=F,H, 2=B,D, 4=A,E, 5=C,G,I, 6=J}	5880.06	1770.45	0.047185811012122034	No
{1=F,H, 2=A,B,D,I, 3=E, 4=G, 5=C, 8=J}	6048.94	1560.86	0.04650356336109091	No
{1=F,H, 2=A,B,D,I, 4=C, 5=E, 6=G, 7=J}	5971.2	1547.33	0.046539577433313814	No
{1=H,I, 2=A,B,D,F, 3=E, 4=C, 5=J, 7=G}	5989.74	1548.21	0.04630297916900946	No
{1=H,I, 2=D,F, 3=A,B, 4=C,E, 5=G, 7=J}	5957.94	1462.71	0.04672629819451935	No
{1=H, 2=A,B,D,F,I, 3=C, 4=E,G,J}	6270.02	1842.07	0.04511642870014237	No
{1=F,H,I, 2=B,D, 3=A,E, 4=C, 5=G,J}	6140.16	1452.62	0.045680625930087336	No
{1=F,H, 2=A,B,D, 3=C,G, 4=E,I,J}	6339.89	1847.33	0.04503487939092333	No
{1=F,H, 2=A,B,D, 3=E,G, 4=C,I, 5=J}	6247.94	1696.62	0.04551721406873703	No
{1=H,I, 2=D,F, 3=A,B, 4=C, 5=E,J, 6=G}	5912.35	1337.59	0.04682613735745145	No
{1=F,H, 2=A,B,D,I, 3=C,G, 4=E,J}	6382.07	1909.69	0.044827417409829665	No
{1=H, 2=A,B,D,F, 3=C, 4=I,J, 6=G, 8=E}	5978.39	1514.27	0.04645516746755636	No
{1=H, 2=A,B,D,F, 3=C,E, 4=I, 5=G, 7=J}	6106.28	1644.35	0.04582704269027133	No
{1=H,I, 2=A,B,D,F, 3=C,E, 4=G, 7=J}	6240.6	1689.59	0.04532793504482693	No
{1=F,H, 2=D,I, 3=A,B, 4=C, 5=E, 6=G, 7=J}	5879.59	1321.82	0.04709962718569395	No
{1=F,H, 2=A,B, 3=D, 4=C,E,I, 5=G, 6=J}	5964.09	1482.38	0.04644612707174114	No
{1=H,I, 2=A,B,D,F, 3=C, 6=E,J, 8=G}	5905.58	1563.27	0.04670797080827244	No
{1=F,H, 2=A,B,D,I, 3=C, 5=E,J, 6=G}	6116.21	1544.12	0.04570688038659937	No
{1=F,H,I, 2=A,B,D, 3=C, 4=J, 5=E,G}	6234.15	1612.26	0.04518692831946488	No
{1=H, 2=A,B,D,F, 3=C, 4=E,I, 5=G, 6=J}	6104.65	1514.28	0.045831164935462305	No
{1=H, 2=A,B,D,F, 4=C, 5=E,I,J, 8=G}	5781.35	1528.84	0.0473711992821115	No
{1=F,H,I, 2=A,B,D, 3=C,E, 6=G,J}	6166.8	1732.95	0.04544433939961382	No
{1=F,H,I, 2=A,B,D, 3=E, 4=C,G, 6=J}	6214.31	1856.11	0.04550721713018278	No
{1=H, 2=A,B,D,F, 3=C, 4=E,I,J, 6=G}	6087.34	1528.83	0.04576904982964504	No
{1=F,H,I, 2=A,B,D, 3=C, 4=E,J, 7=G}	6122.51	1522.88	0.045630781282200314	No
{1=F,H,I, 2=A,B, 3=D, 4=C, 5=G, 6=E,J}	5972.86	1305.67	0.04644621060865256	No
{1=H,I, 2=A,B,D,F, 3=C, 4=J, 6=E, 8=G}	5958.2	1562.64	0.046361033659932514	No
{1=H,I, 2=A,B,D,F, 3=C, 4=E,J, 5=G}	6221.01	1563.47	0.04519315463841962	No
{1=F,H, 2=A,B,D,I, 3=C,E, 4=J, 5=G}	6267.77	1666.0	0.044977152446639114	No
{1=H, 2=A,B,D,F, 4=C, 5=I,J, 6=G, 8=E}	5837.99	1513.9	0.04728636086755539	No
{1=F,H,I, 2=A,B,D, 3=C, 4=E,G, 7=J}	6253.94	1638.89	0.04533670834021707	No
{1=H, 2=A,D,F,I, 3=B, 4=C,G, 6=E, 7=J}	5981.69	1693.52	0.04680111411967198	No
{1=H,I, 2=A,B,D,F, 3=C, 4=G, 5=E, 6=J}	6211.28	1575.16	0.04547487052006143	No
{1=H,I, 2=A,B,D,F, 3=E, 4=C, 5=G, 6=J}	6102.91	1552.4	0.04583957450492474	No
{1=F,H,I, 2=A,B,D, 3=C, 4=E, 5=G, 6=J}	6209.22	1526.37	0.045352336137889165	No
{1=H,I, 2=D,F, 3=A,B, 4=E, 5=C,G, 7=J}	5865.69	1668.54	0.0473112277158807	No
{1=F,H, 2=A,B,D,I, 3=E, 4=C, 6=G, 7=J}	6026.39	1532.99	0.04620848105806619	No
{1=H, 2=A,B,D,F, 3=C,I, 5=E,J, 8=G}	5916.21	1586.53	0.0466079358013397	No
{1=F,H, 2=A,B,D, 3=C, 4=E,I, 6=G, 10=J}	5973.44	1473.47	0.0466288969003424	No
{1=F,H, 2=A,B,D, 3=C,E, 4=I,J, 5=G}	6225.59	1599.66	0.045189278138365395	No
{1=F,H, 2=A,B,D, 3=C, 4=E,G,I,J}	6268.67	1835.73	0.04517829988591062	No
{1=F,H,I, 2=D, 3=A,B, 4=E, 5=C, 6=G, 7=J}	5836.6	1286.05	0.047411377808671044	No
{1=H, 2=A,B,D,F, 3=E,G, 4=C,I, 5=J}	6207.12	1737.2	0.04568028666256887	No
{1=F,H, 2=A,B,D, 3=C,E, 5=J, 6=I, 8=G}	5949.5	1599.48	0.04643403109868325	No
{1=H, 2=A,B,D,F, 3=C,E,G, 4=J, 6=I}	6284.75	2026.76	0.0452337168867109	No
{1=F,H, 2=A,B,D, 3=C,E, 4=J, 5=G,I}	6204.63	1639.93	0.04530327405443021	No
{1=F,H, 2=A,B,D, 3=C,I, 5=E,G,J}	6164.86	1801.1	0.04557375831585301	No
{1=F,H,I, 2=A,B,D, 3=C,G, 5=E,J}	6349.49	1888.3	0.045030369185267954	No
{1=F,H, 2=A,B,D, 3=C, 4=I,J, 5=E, 6=G}	6100.48	1469.37	0.045763453363091074	No
{1=F,H,I, 2=B,D, 3=A, 4=C,E, 5=J, 6=G}	6042.74	1377.27	0.04610966925298806	No
{1=F,H, 2=B,D, 4=A,E, 5=C,I, 6=G,J}	5810.14	1481.43	0.047465724559014454	No
{1=F,H,I, 2=A,B,D, 3=C, 4=E, 6=G,J}	6139.3	1610.55	0.04560951275581919	No
{1=H, 2=A,B,D,F, 3=C, 4=G,I,J, 5=E}	6200.15	1734.78	0.04547749025128555	No
{1=H, 2=A,B,D,F,I, 3=C, 5=E, 6=G,J}	6049.22	1672.53	0.04602928388882885	No
{1=F,H,I, 2=A,B,D, 4=C,E, 6=G, 7=J}	6020.46	1647.41	0.04627554587298353	No
{1=H, 2=A,D,F, 3=B, 4=C, 5=E,I,J, 6=G}	5857.38	1296.13	0.0471237243936583	No
{1=H, 2=A,B,D,F, 3=C, 4=E, 5=I, 6=G, 8=J}	5962.22	1513.94	0.04657226185932518	No
{1=H, 2=A,B,D,F, 3=C,E,I, 4=J, 8=G}	5997.85	1727.28	0.0461023980260718	No
{1=F,H, 2=A,B,D,I, 3=E, 4=C,G, 9=J}	6115.71	1877.51	0.04610323257174928	No
{1=H, 2=A,B,D,F,I, 3=C,E,G, 7=J}	6290.26	2092.89	0.04528522825577126	No
{1=H,I, 2=B,D,F, 3=A,E, 4=C, 5=G, 10=J}	5971.06	1407.9	0.0467002648599309	No
{1=F,H,I, 2=A,B,D, 3=G, 4=C, 5=E, 7=J}	6204.49	1568.49	0.045831355927625606	No
{1=F,H,I, 2=A,B,D, 3=C,G, 4=E, 7=J}	6325.16	1888.24	0.045191398972857726	No
{1=H, 2=A,B,D,F,I, 3=C, 4=E,J, 8=G}	5991.62	1584.75	0.04613923016108788	No
{1=F,H, 2=A,B,D,I, 3=C, 4=E, 5=J, 6=G}	6143.89	1543.41	0.045554334822137256	No
{1=F,H, 2=B,D,I, 3=E, 4=A, 5=C, 6=G,J}	5900.78	1338.84	0.04690944714148474	No
{1=H,I, 2=B,D,F, 3=A,E, 4=C, 5=J, 6=G}	6029.41	1403.54	0.046108346665555064	No
{1=F,H,I, 2=A,B,D, 3=C, 4=E,J, 6=G}	6191.92	1522.71	0.04528956286968852	No
{1=F,H,I, 2=A,B,D, 4=C,E, 5=G, 6=J}	6116.24	1647.64	0.04584466494685673	No
{1=F,H, 2=A,B,D, 3=C,E,I, 5=J, 6=G}	6150.13	1686.64	0.045515001910231154	No
{1=F,H, 2=B,D, 3=A,E, 4=C,I, 6=G, 7=J}	5954.48	1398.53	0.0466045057267111	No
{1=F,H, 2=A,B,D,I, 3=C, 4=J, 5=E, 6=G}	6142.66	1543.41	0.045542355423399974	No
{1=F,H, 2=A,B,D, 3=C,E, 4=I, 5=G, 6=J}	6172.97	1603.78	0.045504836378420566	No
{1=F,H, 2=B,D, 3=A,E, 4=C,G,I, 10=J}	6018.72	1775.13	0.04667710296628983	No
{1=F,H, 2=A,B,D, 3=C,I, 4=E, 5=G,J}	6192.55	1634.84	0.04542394734092561	No
{1=F,H,I, 2=A,B, 3=D, 4=C, 5=E, 6=G, 7=J}	5904.37	1297.52	0.04670769810360366	No
{1=H,I, 2=A,B,D,F, 3=C,E,G, 4=J}	6390.31	2071.49	0.044727331854103713	No
{1=H, 2=A,B,D,F,I, 3=C,E, 4=G, 5=J}	6271.06	1711.0	0.045115327760177903	No
{1=F,H, 2=A,B,D, 3=E,I, 4=C, 6=G, 7=J}	6005.13	1449.05	0.04633845598251932	No
{1=H, 2=A,B,D,F, 3=C,E, 4=G,I, 7=J}	6176.86	1700.96	0.04564374440369015	No
{1=H, 2=A,B,D,F, 3=C, 4=E,G,I, 7=J}	6149.36	1734.02	0.04580905634236999	No
{1=H, 2=B,D,F,I, 3=E, 4=A, 5=G, 6=C, 7=J}	5812.18	1322.63	0.047603907784666305	No
{1=F,H, 2=A,B,D,I, 4=G, 5=C,E, 8=J}	5993.76	1668.63	0.04683318243091981	No
{1=H,I, 2=A,D,F, 3=B, 4=C, 6=E,G, 7=J}	5862.76	1423.12	0.047177889413515875	No
{1=H, 2=A,B,D,F, 3=I, 4=C,G, 5=E,J}	6101.62	1859.09	0.04605497167379024	No
{1=H,I, 2=A,B,D,F, 3=C,E, 4=J, 6=G}	6178.59	1684.98	0.04528192331005221	No
{1=H, 2=A,B,D,F,I, 3=C, 5=G,J, 8=E}	6064.04	1700.51	0.0461245927470406	No
{1=F,H,I, 2=A,B,D, 3=C, 4=E,G, 9=J}	6202.77	1638.89	0.04566345619793171	No
{1=H, 2=A,B,D,F,I, 3=C, 4=E, 5=G, 6=J}	6146.83	1588.35	0.045608725315124735	No
{1=F,H, 2=A,B,D,I, 3=C, 4=G, 5=E,J}	6256.7	1556.04	0.04526989379089454	No
{1=F,H,I, 2=A,B,D, 3=C, 4=E,G, 5=J}	6305.95	1638.89	0.04502865608943137	No
{1=F,H,I, 2=A,B,D, 4=C, 5=G, 7=J, 9=E}	5954.95	1534.02	0.04684982288548351	No
{1=H,I, 2=A,B,D, 3=F, 4=C, 5=J, 6=G, 8=E}	5882.52	1369.19	0.04700392451750938	No
{1=F,H, 2=A,D, 3=B, 4=C,E, 5=I,J, 6=G}	5925.89	1365.44	0.04678273138880194	No
{1=F,H,I, 2=A,B,D, 3=C,G, 4=E, 6=J}	6351.02	1888.24	0.04503308889705189	No
{1=F,H, 2=A,B,D,I, 4=E,G, 6=C, 8=J}	5929.62	1722.97	0.04726461281726207	No
{1=F,H,I, 2=A,B,D, 3=E, 4=C, 6=G, 7=J}	6047.95	1511.59	0.04610545506438973	No
{1=H, 2=A,B,D,F,I, 3=C,G, 4=E,J}	6341.24	1950.27	0.04498060522870078	No
{1=F,H,I, 2=B,D, 3=A,E, 4=C, 5=G, 10=J}	6011.89	1367.32	0.04652802195899739	No
{1=H,I, 2=A,B,F, 3=D, 5=E, 6=G, 7=C, 12=J}	5463.0	1350.41	0.04968920884367527	No
{1=F,H,I, 2=B,D, 3=A, 4=C, 5=E, 6=G, 7=J}	5963.04	1259.92	0.0466011673007981	No
{1=F,H,I, 2=A,B,D, 3=E, 4=C, 6=G,J}	6073.82	1596.01	0.04593852365652894	No
{1=F,H, 2=A,B,D, 3=E, 4=C,I, 6=G,J}	6010.07	1605.7	0.046268309467768914	No
{1=H, 2=A,B,D,F, 3=C, 4=G,I, 5=E,J}	6173.69	1595.49	0.045640995433758554	No
{1=F,H, 2=A,D,I, 3=B, 4=C, 5=E, 6=G, 7=J}	5909.32	1293.72	0.04692800949884572	No
{1=F,H,I, 2=A,D,K,L,O, 3=B, 4=G, 5=C,E,M, 6=N, 10=J}	9157.76	2212.83	0.03526004587369549	No
{1=F,H,L,M,O, 2=A,B,D, 3=I, 4=C,K,N, 5=E,G,J}	9915.91	2568.27	0.03292234963150361	No
{1=H, 2=A,B,D,I,M, 3=F,L,N, 4=C,K,O, 5=E,G, 6=J}	9616.79	2432.93	0.033506657153708416	No
{1=H, 2=A,B,D,F,N,O, 3=C,K, 4=I,L, 5=E,G,J,M}	9566.49	2571.51	0.033710433115412095	No
{1=H,N, 2=A,B,D,F,I,L,O, 3=C, 4=K,M, 5=E,G,J}	9908.47	2381.42	0.032773765273579586	No
{1=F,H,O, 2=A,B,D,K,L,M, 3=C,I,N, 4=G, 6=E, 9=J}	9936.87	2806.52	0.032919718202201485	No
{1=F,H, 2=A,B,D,M,N, 3=K,L, 4=C,G,I, 5=E,O, 6=J}	9824.51	2534.35	0.03310119814589638	No
{1=F,H, 2=A,B,D,L,O, 3=G,N, 4=C,I,K, 5=E,M, 6=J}	9647.89	2387.64	0.03373479415595265	No
{1=H,O, 2=A,B,D,F,L,M,N, 3=C,G, 4=E,I,K, 6=J}	10117.82	2834.5	0.032431615567919306	No
{1=F,H,O, 2=A,B,D,L, 3=C,E,I,K,M,N, 4=G, 5=J}	10003.68	3068.01	0.03273853235989518	No
{1=H,I,K,L,M,N, 2=A,B,D,F, 3=E, 4=C, 5=G,J,O}	10244.68	2634.14	0.03195754592702698	No
{1=H, 2=F,K, 3=B,D, 4=A,I,N, 5=C,L,O, 6=E,G,J, 7=M}	8566.56	2149.95	0.036457473226206835	No
{1=H, 2=A,D,I,M,O, 3=B,F, 4=E,G,K,L,N, 5=C, 6=J}	9444.78	2807.73	0.034179131830336586	No
{1=H,I, 2=A,B,D,F,N,O, 3=C,K, 4=L, 5=E,J,M, 6=G}	9560.62	2250.67	0.03371149959573964	No
{1=F,H,K,N, 2=D, 3=A,B,L,M, 4=C, 5=E,G,O, 8=I, 10=J}	9540.13	2363.64	0.03371374293921772	No
{1=H,M,O, 2=F,N, 3=A,B,D,I,K, 5=C,E,G,L, 9=J}	9435.27	2897.68	0.03387404688383871	No
{1=F, 2=H,K, 3=B,I,L,N,O, 4=A,D,M, 5=C,E, 6=G,J}	9053.76	2501.44	0.03483434360018438	No
{1=H,L,M, 2=A,B,D,F,K,O, 3=I, 4=G, 5=E, 6=C, 7=N, 8=J}	9435.05	2407.72	0.03445396374699006	No
{2=F,H, 3=A,B,D,K, 4=E,M, 5=C,I,L,N,O, 6=G, 7=J}	8683.36	2684.26	0.036115728380901574	No
{1=F,H,I,N, 2=D, 3=A,B, 4=C,E,L,M, 5=G,J,K,O}	9570.08	2446.07	0.03367075400136239	No
{1=H,I, 2=A,B,D,F,K,L,O, 4=C, 5=G,J,M, 6=N, 15=E}	9065.58	2621.05	0.03530692558570525	No
{1=H, 2=A,B,D,F,K,M,N, 3=C, 4=O, 5=E,I,L, 6=G, 8=J}	9576.64	2514.05	0.033603982507278356	No
{1=H,I,L, 2=A,B,D,F,K,M,O, 3=E,G, 6=C, 7=J,N}	9538.01	2591.36	0.03422190419778389	No
{1=H, 2=A,B,D,F,K,M,N, 3=C,I, 4=G,J,O, 5=E,L}	9862.22	2552.45	0.032989506288440835	No
{1=H,K,O, 2=B,D, 3=A,F,L,N, 4=M, 5=C,E,I, 7=J, 8=G}	9175.78	2254.76	0.034604219421932196	No
{1=H,K,L, 2=A,B,D, 3=F, 4=C,M,N, 5=G,I,O, 6=E,J}	9453.18	2474.13	0.03406184698492855	No
{1=F,H, 2=A, 3=L,M,N, 4=B,D,I, 5=C, 6=K, 7=E,G,J, 8=O}	8803.22	2097.08	0.03550894755885524	No
{1=H,K, 2=A,B,D,I,L, 5=F,N, 6=C,G,M,O, 7=E,J}	8762.96	2828.7	0.0360660692317762	No
{1=H, 2=A,F,K,M,N,O, 3=B,D, 4=C,G,I, 6=J, 9=L, 11=E}	9160.85	2503.29	0.034772341243933316	No
{1=F,H, 2=A,B,D,I,K,L,N, 3=C,M,O, 4=G, 5=J, 6=E}	10016.17	2830.42	0.03267785559082867	No
{1=F,H,K, 2=A,B,D,I,L,O, 3=C,G,M, 4=E,N, 6=J}	9978.28	2864.04	0.03291315764030469	No
{1=H, 2=A,B,D,F,K,L, 3=O, 4=C,E, 5=M, 6=G,I,N, 10=J}	9028.07	2341.68	0.03541067512898191	No
{1=H,L,N, 2=A,B,D,K, 3=F, 4=E,I,O, 5=C,G, 6=M, 9=J}	9465.71	2235.44	0.03396737937934571	No
{1=H,I, 2=A,B,D,F,L,N, 3=C,E,G,K,O, 4=M, 6=J}	10006.58	3021.05	0.032737939853668394	No
{1=F,H, 2=D,I,M,O, 3=A,B,L,N, 4=E, 5=C,K, 7=J, 8=G}	9329.44	2431.63	0.03422853467937322	No
{1=H,I, 2=A,B,D,F,K,L,O, 3=M, 4=C,N, 5=E,G,J}	9695.26	2455.18	0.03342613838356897	No
{1=H, 2=A,I,K,O, 3=B,L,M, 4=D,F, 6=G, 7=C,E, 8=J, 13=N}	7987.95	2063.82	0.0388259703469733	No
{1=H, 2=F,K,L, 3=A,B,D,N,O, 5=C,E,M, 6=G,I, 10=J}	9011.1	2695.12	0.035087881541876774	No
{1=H,I,K,L,M,N, 2=A,B, 3=D,F, 4=C,E,O, 5=G,J}	10112.81	2173.04	0.032060326505130944	Yes
{1=F,H,K,L,M,O, 2=A,B,D, 4=N, 5=C,G, 6=E,I,J}	9791.55	2423.05	0.03323688660342799	No
{1=H,M, 2=B,F,K,L,N, 3=A,D, 4=C,I,O, 6=E,G,J}	9713.07	2307.83	0.033043619368423635	No
{1=H,O, 2=K,L, 3=B,D, 4=A,F, 5=C,M, 6=G,I,N, 7=E, 10=J}	8614.24	2146.71	0.036403795701781594	No
{1=F,H, 2=A,B,D,I,K,M,N, 3=C,E, 4=G, 5=J,L,O}	9928.2	2564.52	0.032865837381969805	No
{1=F,H,K,M, 2=A,B,D,I,L,N,O, 3=G, 4=C,E, 9=J}	10180.54	2902.12	0.0323591900509292	No
{1=H, 2=A,B,D,F,O, 3=C,M, 4=G,I,K,N, 5=E,J,L}	9527.98	2600.87	0.03395659526778573	No
{1=H, 2=A,B,D,F,L,O, 3=K,M,N, 4=C,E,G,I, 5=J}	9796.34	2904.34	0.033196631955981784	No
{1=F,H, 2=A,B,D,I,M,N,O, 4=C,E,G,K,L, 6=J}	9869.67	3338.71	0.03301569139862348	No
{1=H,K, 2=A,B,D,M,N,O, 3=F,L, 4=C,G,I, 5=E,J}	9899.88	2644.72	0.032863027048875025	No
{1=H,L,O, 2=A,B,D,F,M, 3=C,G,N, 4=E,I,K, 6=J}	10093.78	2857.09	0.03252992080769048	No
{1=H,K,L, 2=A,B,D,F,M,N, 3=E, 4=C,I, 5=J,O, 7=G}	9854.21	2748.73	0.03281411596568602	No
{1=H,I, 2=A,B,D,F,K,L,M, 3=C,N, 4=J,O, 5=E, 6=G}	9880.92	2730.04	0.03284240603040173	No
{1=H,K, 2=A,B,D,N,O, 3=F,L, 4=C,E,G,I,M, 5=J}	9746.94	2954.34	0.03328621753665364	No
{1=H,L, 2=A,B,D,F,O, 3=C,G,I,M,N, 4=K, 5=E,J}	9998.03	3060.44	0.03277528045307842	No
{1=F,H,I,K, 2=A,D,N,O, 3=B,L, 4=C,E,G,M, 5=J}	9829.68	2870.75	0.03315480007676285	No
{1=H, 2=A,B,D,F,I,K,M,N, 3=C,L, 4=E,G,O, 5=J}	10024.89	2739.61	0.03256519150694396	No
{1=H,M, 2=A,B,L,N, 3=D,F, 4=C,O, 5=E,G,I,J, 7=K}	9667.48	2163.12	0.0331672351371112	Yes
{1=H, 2=A,D,F,I,M,N,O, 3=B, 4=G,K,L, 5=C,E, 6=J}	9648.05	2560.58	0.03357461521238	No
{1=O, 2=H,L, 3=A,B,D,F,M,N, 4=G, 5=E,I, 6=C, 7=J, 11=K}	9038.75	2579.88	0.03504522584599192	No
{1=F,H,K,O, 2=B,D,L,N, 3=I, 4=A, 5=C,G, 6=E,J, 8=M}	9289.86	2368.99	0.03451363427521433	No
{1=F,H,N, 2=D,K, 3=A,B,M, 4=C,G,I, 5=E,J,O, 11=L}	9244.39	2324.15	0.03474503478120129	No
{1=H, 2=A,B,D,F,I,L,M,N,O, 4=C, 6=K, 8=G, 9=J, 15=E}	9270.65	2809.96	0.034311005979089454	No
{1=H,O, 2=A,B,D,F, 3=K, 5=E,I,L, 6=C,G,M, 8=J, 11=N}	8154.56	2399.92	0.038582302288904594	No
{1=H, 2=A,D,F,I,K,N,O, 3=B,L,M, 4=E,G, 7=C, 8=J}	9477.42	2649.48	0.03406213723413043	No
{1=H, 2=A,B,D,F,L,O, 3=C,I,K,M,N, 4=E,G,J}	9936.69	3002.04	0.032852544957033984	No
{1=F,H,K,M, 2=A,B,D,L,O, 5=C,G, 6=E,I,J, 7=N}	9414.71	2612.14	0.03437866595945151	No
{1=F,H,I,L, 2=A,D,K,M,N,O, 3=B, 4=C,E,G, 11=J}	9971.36	2803.79	0.032803225861663475	No
{1=F,H, 2=A,B,D,K,L,O, 3=E,G, 4=C,I, 5=J,M, 6=N}	9501.99	2254.84	0.034283835293384204	No
{1=H,N, 2=A,B,D,F,I,K,L, 3=O, 4=E,G,M, 5=C, 10=J}	9723.49	2821.1	0.033409241649658715	No
{1=H,I,O, 2=A,B,D,F, 3=G,L,M,N, 4=C,K, 5=E, 7=J}	9778.04	2808.37	0.03332537469012156	No
{1=F,H,O, 2=A,B,D,I,K,L,M, 4=C,E,G,N, 7=J}	9875.64	3311.39	0.03310687132663575	No
{1=F,H,K,M, 2=A,B,D, 3=C,E,G,O, 4=I,L,N, 5=J}	10004.78	2695.55	0.032834679012863036	No
{1=H,N, 2=A,B,D,F,I,K,L, 3=G,O, 4=C, 5=E,M, 10=J}	9770.14	2473.16	0.03334446403395783	No
{1=F,H,N, 2=D,I, 3=A,B,L,M, 4=C, 5=E,O, 6=K, 8=G, 9=J}	9343.76	2217.01	0.034081121395945296	No
{1=F,H,O, 2=A,B,I,M, 3=D,L, 4=C,E,G,K,N, 6=J}	9686.3	2985.93	0.03336791047075881	No
{1=H,M,N, 2=A,B,D,F,L, 3=E,G,I,K,O, 4=C, 10=J}	10136.79	2843.45	0.032388960890735584	No
{1=H, 2=A,B,D,F,I,K,L,M, 3=C,E,G,N,O, 7=J}	10071.75	3409.75	0.032588305325717985	No
{1=H,L,M,N, 2=A, 3=B,D,F,O, 4=C,I, 5=E,G,K, 6=J}	9847.64	2223.25	0.0327201633761677	No
{1=H,L,M, 2=B,D,F,K, 3=A,E,N, 4=C,I,O, 6=G,J}	9859.85	2370.52	0.0329027523965231	No
{1=H, 2=A,B,D,F,K,L, 4=G,I, 5=E,N, 6=C,M,O, 8=J}	8981.51	2411.5	0.035636149275128606	No
{1=H,I, 2=A,B,D,F,K,L, 3=C,M,N,O, 5=E,G,J}	9858.23	2956.59	0.03296078035629088	No
{1=F,H,K,L,M,O, 2=A,B,D,I, 4=C,N, 5=E,G, 10=J}	9892.67	2591.85	0.03300810484233567	No
{1=H, 2=A,B,D,M,N,O, 3=F,K,L, 4=C,E,G,I, 6=J}	9845.15	2828.91	0.03300120582224671	No
{1=F,H,I, 2=A,B,D,L,O, 3=K, 4=C,E,M,N, 6=J, 8=G}	9411.51	2762.5	0.03406811189544973	No
{1=H,I, 2=A,B,D,F,L,M,O, 3=C, 4=E,G,J,K, 7=N}	9667.05	2701.93	0.03372540778768131	No
{1=H,L,M, 2=A,B,D,F,K,O, 3=E, 4=G,I, 6=C, 7=N, 8=J}	9469.11	2413.4	0.03434777979491371	No
{1=H,I,K,M,N, 2=A,B,D,F, 3=E, 4=C,L,O, 5=G,J}	10055.79	2582.83	0.03238377894701719	No
{1=H,L,O, 2=A,B,D,F,N, 3=C,G, 4=E,I,K, 5=M, 6=J}	9919.96	2462.51	0.03299166551557147	No
{1=H, 2=A,B,D,F,K,L,M,O, 3=C,G,I, 4=J,N, 9=E}	9896.14	2863.23	0.033056647336071186	No
{1=H, 2=A,B,D,F,K,L,M,N, 3=C, 4=I,J,O, 5=E, 6=G}	9912.92	2848.21	0.03272550126651415	No
{1=H,L, 2=A,B,D,F, 3=C,K,M,O, 4=E,G,I,N, 5=J}	9841.2	2859.42	0.033149906218861123	No
{1=H,I, 2=B,D,F,O, 3=K, 4=A, 5=E,L, 6=C,G,M, 8=J, 11=N}	8154.61	2100.64	0.03854269999423569	No
{1=H, 2=A,B,D,F,I,K,M,N, 3=E,G, 4=C, 5=J,L,O}	9865.58	2622.02	0.03304584877383691	No
{1=F,H,O, 2=A,B,D,I,L, 3=C,E,G,K,M,N, 4=J}	10122.21	3437.63	0.03250672996212537	No
{1=H, 3=B,F,I,L,M,N,O, 4=A,D, 5=C,E,K, 6=J, 8=G}	8905.01	2420.97	0.03505996830936546	No
{1=F,H,K, 2=A,B,D,N, 4=C,L, 5=E, 6=G,I, 7=J,M, 8=O}	9085.4	2290.19	0.034991908444308155	No
{1=F,H,O, 2=A,B,D, 3=K, 4=C,G,I,L,N, 5=E,J,M}	9418.94	2730.37	0.034350978414373685	No
{1=F,H,K,M, 2=D,L,N,O, 3=A,B,I, 4=E, 5=C, 7=J, 8=G}	9677.38	2376.62	0.03329097516034203	No
{1=F,H,I, 2=A,K,N,O, 3=B,D,L, 4=C,G,M, 5=E, 11=J}	9532.5	2844.93	0.033738647961151065	No
{1=F,H,I,O, 2=A,B,D,K,L,M, 3=C,N, 5=G,J, 6=E}	10011.98	2764.31	0.03261634769099597	No
{1=H,O, 2=A,B,D,F,K,M,N, 3=C,L, 4=G,I, 6=J, 8=E}	9922.87	2736.66	0.03283960858195402	No
{1=F,H,M, 2=A,N, 3=L,O, 4=B,D,I, 5=C, 6=K, 7=E,G,J}	9201.27	1911.8	0.034354294973048934	Yes
{1=F,H,N, 2=A,B,D, 3=C,G, 4=E, 5=I,J,K,L,O, 10=M}	9217.85	2399.31	0.034838535615504894	No
{1=F,H,I,O, 2=A,B,D,K,L, 4=C,G, 5=E,M, 6=N, 10=J}	9336.5	2458.2	0.03472247431332628	No
{1=H,N,O, 2=A,D,L,M, 3=B,F,I, 4=C, 5=J, 6=E,K, 8=G}	9607.96	2204.06	0.033345702382182055	No
{1=H,K,O, 2=B,D, 3=A,F,L,N, 4=M, 5=C,E,G, 6=I,J}	9388.88	2487.91	0.03416832530248346	No
{1=H,K,O, 2=A,B,D,M, 3=F, 4=G,I, 5=E,N, 6=C,L, 7=J}	9194.65	2087.97	0.03499857000340935	No
{1=H,K,L,M,N, 2=A,B,I, 3=D,F, 4=C,E,O, 5=G,J}	10091.33	2194.43	0.0321128096385311	No
{1=F,H,M, 2=A,B,D,I,L,N, 3=G, 4=C,O, 5=E, 7=K, 9=J}	9938.44	2552.69	0.032937465332945705	No
{1=F,H,O, 2=A,B,D,K,M,N, 3=L, 4=C,E,G, 5=I,J}	9983.77	2812.45	0.03271224631621851	No
{1=F,H,K,L,M,O, 2=A,B,D, 4=C,I,N, 5=E,G,J}	9978.61	2622.91	0.03276346651230081	No
{1=H,K,L, 2=A,B,D,F,M,N, 3=E, 4=C,I, 5=G,J,O}	9993.31	2755.04	0.03258267724187223	No
{1=H,M,N,O, 2=A,B,D,F,L, 3=E,G,I,K, 4=C, 10=J}	10186.76	2793.63	0.03227853530356491	No
{1=H,I, 2=B,D,F, 3=A,E,K, 4=L,O, 5=C,G, 6=M,N, 7=J}	8902.33	2105.17	0.03581239801286018	No
{1=F,H,L,N, 2=A,B,D,K, 4=E,G,I,O, 5=C, 6=M, 9=J}	9616.8	2491.53	0.033731610438966185	No
{1=F,H,L,N, 2=A,B,D,I,K,M, 3=E, 4=C,G,O, 6=J}	10213.29	2930.69	0.03215071820249641	No
{1=F,H,L, 2=B,D,M,N, 3=A,I, 4=C,E,G,K, 5=J,O}	9984.03	2718.35	0.03272503388019732	No
{1=H, 2=A,B,D,F,M,N,O, 3=C,G,K,L, 4=E,I, 6=J}	10049.33	3178.69	0.0325843984525069	No
{1=H,M, 2=A,B,D,F,K,N,O, 3=C,L, 4=G, 5=I,J, 8=E}	9994.12	2670.98	0.03264099539314807	No
{1=H,N, 2=A,B,D,F, 3=C,G, 4=E, 5=I,J,K,L,O, 10=M}	9177.28	2440.18	0.034910655411597796	No
{1=F,H,K,L,M, 2=A,B,D,N, 4=C,O, 5=E,G,I,J}	10073.59	2681.91	0.03241653220871786	No
{1=H,L,N, 2=A, 3=B,D,F,I, 4=C,O, 5=E,G,K, 6=J,M}	9395.18	2034.56	0.03392063602455296	Yes
{1=F,H,K, 2=A,B,D,M,N,O, 4=C,L, 5=E, 6=G,I, 7=J}	9676.42	2691.24	0.033380315316754526	No
{1=H,M,N, 2=A,B,D,F,I,L, 4=C,K,O, 5=E,G,J}	10037.4	2632.67	0.03241694248152566	No
{1=F,H,M, 2=A,B,D,L,N,O, 3=I, 4=C,E, 5=G,K, 6=J}	9983.58	2596.94	0.0326705249046327	No
{1=H,K, 2=D,O, 3=A,B,F,M, 5=C,E,I,L, 7=J, 8=G, 10=N}	8389.58	2429.11	0.03742704663570799	No
{1=H, 2=B,D,F, 3=A,E,K, 4=I,L,O, 5=C, 6=J,M,N, 11=G}	8453.62	2133.57	0.03673528418300433	No
{1=F,H,K,L,M,O, 2=A,D, 3=B, 4=G,N, 5=C,E,I, 7=J}	9822.41	2239.26	0.033267693096674975	No
{1=F,H,L,N, 2=A,B,D,I,K,M,O, 4=C,G, 5=E, 6=J}	10207.76	2942.19	0.032175671433301	No
{1=H,M,O, 2=A,B,L,N, 3=D,F, 4=C, 5=E,G,I,J, 7=K}	9742.0	2235.98	0.033000842925369686	No
{1=H,I,K,L,M,N, 2=A,B,D,F, 4=C, 5=E,G,J,O}	10189.65	2724.6	0.03208429281595871	No
{1=F,H,I, 2=B,D,M,N, 3=A,L, 4=C,G, 5=E,J,O, 6=K}	9801.89	2278.85	0.033160122610119386	No
{1=F,H, 2=A,B,D,M,N, 3=K,L, 4=C,I, 5=E,G,O, 6=J}	9754.09	2330.24	0.03318975214484688	No
{1=F,H,N, 2=A,B,D,I,K,L, 3=E,G,O, 4=C, 5=M, 10=J}	9865.75	2546.07	0.03314585356663173	No
{1=H,L,M, 2=A,B,D,F,K,O, 3=E,N, 4=C,I, 6=G,J}	9939.22	2451.93	0.03273454805396129	No
{1=H,K,L,N, 2=B,D, 3=A,F,M, 4=C, 5=E,I,O, 7=J, 8=G}	9593.61	2222.32	0.03333970797519405	No
{1=H,N, 2=B,F,K,L, 3=A,D, 4=C,I,M,O, 6=E,G,J}	9538.09	2422.1	0.03348042878916459	No
{1=F,H, 2=A,B,D,K, 3=N, 4=C,L, 5=E,J, 6=G,I, 7=M, 8=O}	9013.53	1993.05	0.03521572230025354	No
{1=F,H,K,N, 2=A,B,D, 3=C,E,M,O, 4=I,J, 6=L, 11=G}	9444.75	2514.53	0.03361480286325927	No
{1=H,K,N, 2=B,F, 3=A,D,L,M, 4=C, 5=O, 6=E,G, 8=I, 10=J}	9375.84	2412.0	0.0338873455375249	No
{1=H, 2=A,L,M,N, 3=B,D,F,O, 4=C,I,K, 5=E,G, 6=J}	9615.8	2439.14	0.033309765279700705	No
{1=F,H,N,O, 2=A,B,D, 3=L,M, 4=C, 5=E,G,I,J, 6=K}	9781.81	2221.03	0.03310679251207428	No
{1=H,O, 2=L, 3=B,D, 4=A,F, 5=C,K,M, 6=G,I,N, 7=E, 10=J}	8531.22	2229.12	0.03668815840823824	No
{1=F,H,K, 2=A,B,D,I,L,N,O, 3=G, 4=C, 6=E, 9=J, 12=M}	9161.93	2599.86	0.03516722145738257	No
{1=F,H,N, 2=A,B,D,I,K,L,O, 3=E,G, 4=C, 5=M, 10=J}	9890.7	2554.85	0.03308129836986962	No
{1=F,H,L, 2=A,B,D,N,O, 3=C,G,I,M, 6=K, 7=J, 8=E}	9946.56	2923.9	0.032952721470906776	No
{1=H,L,M,O, 2=A,B,D,F,N, 3=C,G, 4=E,I,K, 6=J}	10280.65	2672.05	0.032070465469297066	No
{1=F,H,I, 2=A,B,D,L,O, 3=E,G,K, 4=C, 5=M, 6=N, 7=J}	9485.84	2318.38	0.03435110287803612	No
{1=H,L,N,O, 2=A,B,D,F, 3=C,G,M, 4=E,I,K, 6=J}	10195.5	2755.84	0.03224198498071613	No
{1=H,I,K,L,M,O, 2=A,B,D,F, 4=C,E,G,N, 5=J}	10099.41	3140.35	0.032523243059948796	No
{1=H,N,O, 2=A,D,F, 3=B,I,L,M, 4=C, 6=E,K, 7=G,J}	9503.41	2324.35	0.03372078148095493	No
{1=H, 2=A,B,D,F,O, 3=E,G,I,K,M, 4=C, 5=L, 6=J, 10=N}	9029.45	2523.73	0.035773970955184205	No
{1=H,K,L,M,N, 2=A,B,D,F, 3=E,I, 4=C, 5=G,J,O}	10202.02	2567.56	0.03206772976529224	No
{1=H,K,L,M,N, 2=A,B,D,F, 3=E, 4=C,I, 5=O, 6=G,J}	10085.5	2561.43	0.03230802462477192	No
{1=H,L, 2=A,F,N, 3=D,M, 4=B,I, 5=C, 6=E,G,K, 7=J, 8=O}	9185.12	1970.52	0.03451299829484279	No
{1=H,N,O, 2=A,B,D,F,L,M, 3=E,I, 4=C, 5=J, 6=K, 7=G}	9860.66	2600.33	0.03277989350602574	No
{1=H,K,M, 2=A,B,D,I,L,N,O, 3=F, 4=G, 5=E, 6=C, 9=J}	9817.9	2743.05	0.0331476469197863	No
{1=H,I,K,L,M,N, 2=A,B,F, 3=D, 4=C, 5=G,J,O, 7=E}	10046.86	2262.54	0.03225122283275636	No
{1=F,H,N, 2=A,B,D,I,K,L, 3=G,O, 4=E,M, 5=C, 10=J}	9835.09	2438.17	0.03322923486801644	No
{1=F,H,L,N,O, 2=B,D,I,K,M, 3=A, 4=G, 5=C,E, 6=J}	10110.76	2534.54	0.03242569528957518	No
{1=F,H,L,M, 2=B,K, 3=A,D,N, 4=C,G,I,O, 5=E, 6=J}	9896.75	2607.51	0.03277251661604324	No
{1=F,H,N, 2=B,I, 3=A,D,L,M, 4=C,O, 6=E,K, 8=G, 9=J}	9314.04	2244.48	0.03397722521387814	No
{1=H,I,N, 2=A,B,D,F, 3=C, 4=J,O, 5=E,K,L, 6=G, 10=M}	9074.45	2000.15	0.0350208901722954	No
{1=F,H,M, 2=A,B,D,K,N, 3=L, 4=C,O, 5=E,G,I,J}	9902.74	2440.18	0.032801002959662616	No
{1=F,H,L,M,N, 2=A,D, 3=B,I,O, 5=C,E,G,K, 6=J}	9945.69	2516.75	0.03277553252260029	No
{1=H, 2=A,B,D,F,I,N,O, 3=C, 4=K,L, 5=E,G,J,M}	9581.0	2558.13	0.033676385933918404	No
{1=H,L,N, 2=A,B,D,F,K, 3=C, 4=I,O, 5=E,G, 6=M, 9=J}	9663.7	2289.72	0.03342760457758371	No
{1=F,H, 2=A,B,D,K,M,N, 3=C,E, 4=G,I, 5=J,L,O}	9886.04	2481.98	0.032964832482053674	No
{1=H, 2=A,B,D,F,K,L,N,O, 3=C, 4=E, 5=M, 6=G,I, 10=J}	9524.23	2580.73	0.033804954273310345	No
{1=H,M, 2=A,B,D,F,I,L, 3=C,O, 4=E,K,N, 5=G,J}	9895.34	2393.58	0.03290445289571262	No
{1=F,H,L,O, 2=A,B,D,N, 3=C, 4=I,K, 5=E,M, 6=J, 8=G}	9583.89	2195.24	0.03355162113935384	No
{1=H,O, 2=F,K,L, 3=B,D, 4=A,I, 5=C,M, 6=E,G,N, 10=J}	8763.32	2198.25	0.036019608276460266	No
{1=H, 2=A,B,D,F,I,K,N,O, 3=C,G,L, 4=M, 5=E,J}	9937.83	2917.76	0.032893451746024926	No
{1=F,H,I,N, 2=D,K, 3=A,B,L,M, 4=C,G, 5=E,J,O}	9856.7	2529.46	0.03299241694519859	No
{1=F,H, 2=A,D,K,O, 3=B,M, 4=C,G,I, 5=E,J, 11=L, 13=N}	8240.24	2258.03	0.038586940303038185	No
{1=H,N, 2=A,B,D,F,L, 3=G,O, 4=C,E,I,K, 5=M, 6=J}	9801.83	2405.65	0.03323010856822121	No
{1=F,H,M, 2=A,B,I,L,N, 3=D, 4=C,O, 5=E,J, 6=G, 7=K}	9741.8	2177.51	0.033045223483938437	No
{1=H, 2=A,B,D,F,K,L,O, 3=C,E,G, 4=I, 5=J,M, 6=N}	9554.48	2622.97	0.034091595675982245	No
{1=H,I, 2=B,D,F,K, 3=A,E,L, 4=O, 5=C, 6=J,M,N, 11=G}	8615.81	2294.86	0.03620770764907912	No
{1=H,L, 2=A,B,D,K,N,O, 3=F, 4=E,I,M, 5=C,G, 9=J}	9596.1	2476.51	0.03366230457095839	No
{1=H,I,O, 2=A,B,D,F,L,M,N, 3=C, 4=E,G,K, 6=J}	10110.43	2848.59	0.03239037744466076	No
{1=H,L,M,N, 2=A,B,D,F,O, 3=E, 4=C,I, 5=G,K, 6=J}	10117.85	2468.55	0.03227121439508026	Yes
{1=H, 2=A,B,D,F,N,O, 3=C,K, 4=I,L, 5=E,M, 6=G,J}	9470.95	2155.62	0.03394584217241723	Yes
{1=F,H, 2=A,B,D,K,N, 4=C,L, 5=E,J, 6=I, 7=M, 8=G,O}	8970.78	2317.11	0.03513050887349849	No
{1=H,K,O, 2=B,D,M,N, 3=A,F, 4=C,G, 5=E,I, 6=L, 7=J}	9612.13	2302.81	0.03364093073167642	No
{1=F,H,K,L,M, 2=A,B,D,I,N, 3=E,O, 4=C,G, 6=J}	10260.7	2771.32	0.03210509829427087	No
{1=H, 2=B,D,F,O, 3=K, 4=A,I, 5=E,L, 6=C,G,M, 7=J, 11=N}	8116.45	2095.89	0.03867428916690553	No
{1=F,H,I,N, 2=A,B,D,K,L, 3=M,O, 4=G, 5=C,E, 10=J}	9848.06	2414.01	0.03310800937733451	No
{1=H,N,O, 2=A,D,F,L,M, 3=B,I, 4=C, 5=G,J, 6=E,K}	9855.95	2255.67	0.032913108116007776	No
{1=H, 2=A,B,D,F,M,N,O, 3=K,L, 5=E,I, 6=C,G, 8=J}	9462.05	2527.5	0.033937925785451156	No
{1=F,H,L,O, 2=A,B,D,K,N, 3=C, 4=E,G,I, 5=J,M}	9971.09	2474.04	0.032844509517754514	No
{1=H,L,N, 2=B,D, 3=A,F,I,K,M, 4=C,E, 5=G,J,O}	9866.67	2373.0	0.03284206958430085	No
{1=H,M,O, 2=A,B,F,K,L,N, 3=D, 4=C,I, 6=E,G,J}	9817.47	2491.04	0.032820265225937145	No
{1=H,I,K,L,N, 2=A,B,D,F, 4=C,E,O, 5=G,J, 6=M}	9792.58	2412.01	0.033087814766388064	No
{1=F,H, 2=A,B,D,I,K,O, 3=L,N, 4=E, 5=C,M, 6=G,J}	9398.7	2398.11	0.034256295410540025	No
{1=F,H,M, 2=A,B,D,L,N, 3=C,E, 4=O, 5=G,I,J, 7=K}	9984.8	2474.39	0.03262882178275495	No
{1=F,H,K,L,M,N, 2=A,B,D, 3=E,G, 4=C,I,O, 5=J}	10387.55	2530.56	0.031812075165777415	Yes
{1=H,I,N, 2=D,F, 3=A,B,L,M, 4=C,G, 5=E,J,O, 6=K}	9705.83	2375.78	0.03334227548815844	No
{1=H,K,L,M,O, 2=A,B,D,F,N, 3=C,G, 4=E, 6=I,J}	10322.66	2868.4	0.03195697775960727	No
{1=H,L,M,N, 2=A,B, 3=D,F,I,O, 4=C, 5=E,G,K, 6=J}	9930.18	2202.47	0.03253221381585836	No
{1=H,L, 2=A,B,D,F,N,O, 3=C,G, 4=E,I,K, 5=M, 6=J}	9894.94	2487.75	0.033043918093628916	No
